,Metropolitan,County,Total Law Enforcement Employees,Total Officers,Total Civilians,State
0,True,Anoka,256.0,129.0,127.0,MINNESOTA
1,,Benton,70.0,24.0,46.0,MINNESOTA
2,,Blue Earth,69.0,31.0,38.0,MINNESOTA
3,,Carlton,52.0,22.0,30.0,MINNESOTA
4,,Carver,148.0,77.0,71.0,MINNESOTA
5,,Chisago,85.0,40.0,45.0,MINNESOTA
6,,Clay,71.0,34.0,37.0,MINNESOTA
7,,Dakota,185.0,82.0,103.0,MINNESOTA
8,,Dodge,37.0,24.0,13.0,MINNESOTA
9,,Fillmore,30.0,19.0,11.0,MINNESOTA
10,,Hennepin,792.0,321.0,471.0,MINNESOTA
11,,Houston,33.0,13.0,20.0,MINNESOTA
12,,Isanti,56.0,21.0,35.0,MINNESOTA
13,,Le Sueur,33.0,19.0,14.0,MINNESOTA
14,,Mille Lacs,84.0,34.0,50.0,MINNESOTA
15,,Nicollet,41.0,14.0,27.0,MINNESOTA
16,,Olmsted,176.0,71.0,105.0,MINNESOTA
17,,Polk,44.0,32.0,12.0,MINNESOTA
18,,Ramsey,384.0,210.0,174.0,MINNESOTA
19,,Scott,128.0,43.0,85.0,MINNESOTA
20,,Sherburne,278.0,82.0,196.0,MINNESOTA
21,,Sibley,24.0,12.0,12.0,MINNESOTA
22,,Stearns,185.0,68.0,117.0,MINNESOTA
23,,St. Louis,253.0,105.0,148.0,MINNESOTA
24,,Wabasha,45.0,17.0,28.0,MINNESOTA
25,,Washington,237.0,101.0,136.0,MINNESOTA
26,,Wright,228.0,136.0,92.0,MINNESOTA
27,False,Aitkin,48.0,17.0,31.0,MINNESOTA
28,,Becker,56.0,21.0,35.0,MINNESOTA
29,,Beltrami,70.0,29.0,41.0,MINNESOTA
30,,Big Stone,7.0,5.0,2.0,MINNESOTA
31,,Brown,37.0,14.0,23.0,MINNESOTA
32,,Cass,70.0,39.0,31.0,MINNESOTA
33,,Chippewa,18.0,8.0,10.0,MINNESOTA
34,,Clearwater,24.0,10.0,14.0,MINNESOTA
35,,Cook,20.0,12.0,8.0,MINNESOTA
36,,Cottonwood,22.0,10.0,12.0,MINNESOTA
37,,Crow Wing,123.0,37.0,86.0,MINNESOTA
38,,Douglas,82.0,33.0,49.0,MINNESOTA
39,,Faribault,26.0,10.0,16.0,MINNESOTA
40,,Freeborn,73.0,23.0,50.0,MINNESOTA
41,,Goodhue,102.0,39.0,63.0,MINNESOTA
42,,Grant,12.0,7.0,5.0,MINNESOTA
43,,Hubbard,44.0,18.0,26.0,MINNESOTA
44,,Itasca,71.0,30.0,41.0,MINNESOTA
45,,Jackson,26.0,14.0,12.0,MINNESOTA
46,,Kanabec,47.0,19.0,28.0,MINNESOTA
47,,Kandiyohi,103.0,33.0,70.0,MINNESOTA
48,,Kittson,10.0,5.0,5.0,MINNESOTA
49,,Koochiching,20.0,10.0,10.0,MINNESOTA
50,,Lac Qui Parle,12.0,7.0,5.0,MINNESOTA
51,,Lake,30.0,17.0,13.0,MINNESOTA
52,,Lake of the Woods,12.0,6.0,6.0,MINNESOTA
53,,Lincoln,13.0,6.0,7.0,MINNESOTA
54,,Lyon,48.0,17.0,31.0,MINNESOTA
55,,Mahnomen,20.0,13.0,7.0,MINNESOTA
56,,Marshall,22.0,12.0,10.0,MINNESOTA
57,,Martin,33.0,14.0,19.0,MINNESOTA
58,,McLeod,54.0,22.0,32.0,MINNESOTA
59,,Meeker,46.0,21.0,25.0,MINNESOTA
60,,Morrison,51.0,20.0,31.0,MINNESOTA
61,,Mower,70.0,22.0,48.0,MINNESOTA
62,,Murray,16.0,9.0,7.0,MINNESOTA
63,,Nobles,34.0,13.0,21.0,MINNESOTA
64,,Norman,10.0,7.0,3.0,MINNESOTA
65,,Otter Tail,82.0,35.0,47.0,MINNESOTA
66,,Pennington,30.0,8.0,22.0,MINNESOTA
67,,Pine,81.0,31.0,50.0,MINNESOTA
68,,Pipestone,24.0,14.0,10.0,MINNESOTA
69,,Pope,15.0,8.0,7.0,MINNESOTA
70,,Red Lake,11.0,8.0,3.0,MINNESOTA
71,,Redwood,29.0,12.0,17.0,MINNESOTA
72,,Renville,35.0,14.0,21.0,MINNESOTA
73,,Rice,51.0,25.0,26.0,MINNESOTA
74,,Rock,17.0,12.0,5.0,MINNESOTA
75,,Roseau,20.0,10.0,10.0,MINNESOTA
76,,Steele,28.0,22.0,6.0,MINNESOTA
77,,Stevens,16.0,8.0,8.0,MINNESOTA
78,,Swift,17.0,8.0,9.0,MINNESOTA
79,,Todd,32.0,15.0,17.0,MINNESOTA
80,,Traverse,14.0,6.0,8.0,MINNESOTA
81,,Wadena,20.0,10.0,10.0,MINNESOTA
82,,Waseca,28.0,13.0,15.0,MINNESOTA
83,,Watonwan,15.0,7.0,8.0,MINNESOTA
84,,Wilkin,16.0,7.0,9.0,MINNESOTA
85,,Winona,72.0,20.0,52.0,MINNESOTA
86,,Yellow Medicine,10.0,10.0,0.0,MINNESOTA
0,True,Benton,78.0,65.0,13.0,OREGON
1,,Clackamas,468.0,362.0,106.0,OREGON
2,,Columbia,45.0,14.0,31.0,OREGON
3,,Deschutes,229.0,79.0,150.0,OREGON
4,,Jackson,168.0,121.0,47.0,OREGON
5,,Josephine,57.0,42.0,15.0,OREGON
6,,Lane,253.0,176.0,77.0,OREGON
7,,Linn,187.0,137.0,50.0,OREGON
8,,Marion,349.0,92.0,257.0,OREGON
9,,Multnomah,774.0,115.0,659.0,OREGON
10,,Polk,65.0,26.0,39.0,OREGON
11,,Yamhill,85.0,68.0,17.0,OREGON
12,False,Baker,32.0,30.0,2.0,OREGON
13,,Clatsop,52.0,25.0,27.0,OREGON
14,,Coos,87.0,57.0,30.0,OREGON
15,,Crook,35.0,16.0,19.0,OREGON
16,,Curry,36.0,22.0,14.0,OREGON
17,,Douglas,145.0,109.0,36.0,OREGON
18,,Gilliam,7.0,6.0,1.0,OREGON
19,,Grant,8.0,8.0,0.0,OREGON
20,,Harney,18.0,12.0,6.0,OREGON
21,,Hood River,46.0,25.0,21.0,OREGON
22,,Jefferson,38.0,33.0,5.0,OREGON
23,,Klamath,72.0,25.0,47.0,OREGON
24,,Lake,20.0,20.0,0.0,OREGON
25,,Lincoln,84.0,28.0,56.0,OREGON
26,,Sherman,7.0,6.0,1.0,OREGON
27,,Tillamook,58.0,30.0,28.0,OREGON
28,,Umatilla,83.0,24.0,59.0,OREGON
29,,Union,34.0,20.0,14.0,OREGON
30,,Wallowa,12.0,6.0,6.0,OREGON
31,,Wasco,29.0,17.0,12.0,OREGON
32,,Wheeler,4.0,4.0,0.0,OREGON
0,True,Barrow,165.0,116.0,49.0,GEORGIA
1,,Bartow,206.0,193.0,13.0,GEORGIA
2,,Bibb,540.0,454.0,86.0,GEORGIA
3,,Brantley,47.0,19.0,28.0,GEORGIA
4,,Brooks,38.0,22.0,16.0,GEORGIA
5,,Butts,89.0,52.0,37.0,GEORGIA
6,,Carroll,191.0,107.0,84.0,GEORGIA
7,,Cherokee,379.0,335.0,44.0,GEORGIA
8,,Clarke,165.0,134.0,31.0,GEORGIA
9,,Clayton,460.0,163.0,297.0,GEORGIA
10,,Clayton County Police Department,403.0,345.0,58.0,GEORGIA
11,,Cobb County Police Department,708.0,649.0,59.0,GEORGIA
12,,Columbia,344.0,242.0,102.0,GEORGIA
13,,Coweta,237.0,160.0,77.0,GEORGIA
14,,Crawford,32.0,14.0,18.0,GEORGIA
15,,Dawson,92.0,58.0,34.0,GEORGIA
16,,DeKalb,766.0,564.0,202.0,GEORGIA
17,,DeKalb County Police Department,954.0,727.0,227.0,GEORGIA
18,,Dougherty,235.0,226.0,9.0,GEORGIA
19,,Dougherty County Police Department,49.0,40.0,9.0,GEORGIA
20,,Douglas,335.0,295.0,40.0,GEORGIA
21,,Echols,9.0,7.0,2.0,GEORGIA
22,,Effingham,139.0,76.0,63.0,GEORGIA
23,,Fayette,216.0,143.0,73.0,GEORGIA
24,,Floyd County Police Department,77.0,72.0,5.0,GEORGIA
25,,Forsyth,406.0,332.0,74.0,GEORGIA
26,,Fulton,931.0,737.0,194.0,GEORGIA
27,,Glynn County Police,124.0,116.0,8.0,GEORGIA
28,,Gwinnett County Police Department,939.0,667.0,272.0,GEORGIA
29,,Hall,411.0,263.0,148.0,GEORGIA
30,,Haralson,79.0,71.0,8.0,GEORGIA
31,,Harris,73.0,71.0,2.0,GEORGIA
32,,Heard,36.0,19.0,17.0,GEORGIA
33,,Henry County Police Department,244.0,208.0,36.0,GEORGIA
34,,Jones,73.0,53.0,20.0,GEORGIA
35,,Madison,65.0,43.0,22.0,GEORGIA
36,,Marion,14.0,5.0,9.0,GEORGIA
37,,McIntosh,63.0,39.0,24.0,GEORGIA
38,,Meriwether,53.0,29.0,24.0,GEORGIA
39,,Oconee,88.0,55.0,33.0,GEORGIA
40,,Paulding,273.0,238.0,35.0,GEORGIA
41,,Peach,57.0,32.0,25.0,GEORGIA
42,,Spalding,168.0,136.0,32.0,GEORGIA
43,,Terrell,32.0,30.0,2.0,GEORGIA
44,,Walker,101.0,63.0,38.0,GEORGIA
45,,Walton,190.0,172.0,18.0,GEORGIA
46,,Worth,33.0,29.0,4.0,GEORGIA
47,False,Baldwin,124.0,58.0,66.0,GEORGIA
48,,Banks,60.0,57.0,3.0,GEORGIA
49,,Ben Hill,53.0,48.0,5.0,GEORGIA
50,,Bulloch,111.0,101.0,10.0,GEORGIA
51,,Camden,125.0,66.0,59.0,GEORGIA
52,,Clay,6.0,5.0,1.0,GEORGIA
53,,Clinch,16.0,11.0,5.0,GEORGIA
54,,Coffee,105.0,51.0,54.0,GEORGIA
55,,Cook,47.0,40.0,7.0,GEORGIA
56,,Decatur,60.0,48.0,12.0,GEORGIA
57,,Dodge,56.0,20.0,36.0,GEORGIA
58,,Dooly,75.0,33.0,42.0,GEORGIA
59,,Early,46.0,25.0,21.0,GEORGIA
60,,Elbert,55.0,29.0,26.0,GEORGIA
61,,Emanuel,40.0,33.0,7.0,GEORGIA
62,,Evans,16.0,9.0,7.0,GEORGIA
63,,Fannin,49.0,46.0,3.0,GEORGIA
64,,Gilmer,98.0,76.0,22.0,GEORGIA
65,,Gordon,137.0,80.0,57.0,GEORGIA
66,,Grady,42.0,18.0,24.0,GEORGIA
67,,Hancock,40.0,25.0,15.0,GEORGIA
68,,Hart,51.0,31.0,20.0,GEORGIA
69,,Irwin,21.0,13.0,8.0,GEORGIA
70,,Jackson,165.0,97.0,68.0,GEORGIA
71,,Jeff Davis,41.0,26.0,15.0,GEORGIA
72,,Jefferson,44.0,41.0,3.0,GEORGIA
73,,Johnson,17.0,9.0,8.0,GEORGIA
74,,Laurens,105.0,87.0,18.0,GEORGIA
75,,Pierce,49.0,18.0,31.0,GEORGIA
76,,Polk,75.0,37.0,38.0,GEORGIA
77,,Polk County Police Department,40.0,36.0,4.0,GEORGIA
78,,Putnam,64.0,32.0,32.0,GEORGIA
79,,Quitman,7.0,5.0,2.0,GEORGIA
80,,Rabun,53.0,51.0,2.0,GEORGIA
81,,Schley,8.0,4.0,4.0,GEORGIA
82,,Screven,20.0,19.0,1.0,GEORGIA
83,,Seminole,31.0,16.0,15.0,GEORGIA
84,,Stephens,64.0,38.0,26.0,GEORGIA
85,,Talbot,17.0,11.0,6.0,GEORGIA
86,,Taylor,21.0,20.0,1.0,GEORGIA
87,,Thomas,84.0,80.0,4.0,GEORGIA
88,,Tift,107.0,91.0,16.0,GEORGIA
89,,Treutlen,22.0,12.0,10.0,GEORGIA
90,,Troup,80.0,73.0,7.0,GEORGIA
91,,Turner,41.0,21.0,20.0,GEORGIA
92,,Union,54.0,49.0,5.0,GEORGIA
93,,Upson,68.0,35.0,33.0,GEORGIA
94,,Ware,144.0,39.0,105.0,GEORGIA
95,,Warren,8.0,8.0,0.0,GEORGIA
96,,Washington,51.0,46.0,5.0,GEORGIA
97,,Wayne,69.0,32.0,37.0,GEORGIA
98,,Webster,5.0,5.0,0.0,GEORGIA
99,,Wheeler,12.0,7.0,5.0,GEORGIA
100,,Wilkes,40.0,25.0,15.0,GEORGIA
101,,Wilkinson,30.0,18.0,12.0,GEORGIA
0,True,Box Elder,83.0,28.0,55.0,UTAH
1,,Cache,146.0,55.0,91.0,UTAH
2,,Davis,312.0,145.0,167.0,UTAH
3,,Juab,26.0,14.0,12.0,UTAH
4,,Morgan,12.0,10.0,2.0,UTAH
5,,Salt Lake County Unified Police Department,580.0,427.0,153.0,UTAH
6,,Tooele,90.0,34.0,56.0,UTAH
7,,Utah,378.0,145.0,233.0,UTAH
8,,Washington,159.0,44.0,115.0,UTAH
9,,Weber,70.0,70.0,0.0,UTAH
10,False,Beaver,70.0,23.0,47.0,UTAH
11,,Carbon,54.0,29.0,25.0,UTAH
12,,Daggett,25.0,10.0,15.0,UTAH
13,,Duchesne,58.0,24.0,34.0,UTAH
14,,Emery,39.0,27.0,12.0,UTAH
15,,Garfield,29.0,13.0,16.0,UTAH
16,,Grand,31.0,17.0,14.0,UTAH
17,,Iron,78.0,37.0,41.0,UTAH
18,,Kane,46.0,14.0,32.0,UTAH
19,,Millard,54.0,34.0,20.0,UTAH
20,,Piute,5.0,4.0,1.0,UTAH
21,,Rich,10.0,4.0,6.0,UTAH
22,,San Juan,28.0,12.0,16.0,UTAH
23,,Sanpete,58.0,20.0,38.0,UTAH
24,,Sevier,24.0,22.0,2.0,UTAH
25,,Summit,98.0,60.0,38.0,UTAH
26,,Uintah,79.0,25.0,54.0,UTAH
27,,Wasatch,55.0,28.0,27.0,UTAH
28,,Wayne,6.0,5.0,1.0,UTAH
0,True,Albemarle County Police Department,156.0,128.0,28.0,VIRGINIA
1,,Amelia,28.0,17.0,11.0,VIRGINIA
2,,Amherst,44.0,44.0,0.0,VIRGINIA
3,,Appomattox,23.0,22.0,1.0,VIRGINIA
4,,Arlington County Police Department,464.0,361.0,103.0,VIRGINIA
5,,Augusta,82.0,71.0,11.0,VIRGINIA
6,,Bedford,91.0,83.0,8.0,VIRGINIA
7,,Botetourt,119.0,96.0,23.0,VIRGINIA
8,,Buckingham,26.0,19.0,7.0,VIRGINIA
9,,Campbell,68.0,59.0,9.0,VIRGINIA
10,,Caroline,68.0,48.0,20.0,VIRGINIA
11,,Charles City,16.0,10.0,6.0,VIRGINIA
12,,Chesterfield County Police Department,605.0,503.0,102.0,VIRGINIA
13,,Clarke,27.0,15.0,12.0,VIRGINIA
14,,Craig,15.0,10.0,5.0,VIRGINIA
15,,Culpeper,96.0,82.0,14.0,VIRGINIA
16,,Dinwiddie,53.0,51.0,2.0,VIRGINIA
17,,Fairfax County Police Department,1617.0,1414.0,203.0,VIRGINIA
18,,Fauquier,147.0,122.0,25.0,VIRGINIA
19,,Floyd,32.0,22.0,10.0,VIRGINIA
20,,Fluvanna,49.0,35.0,14.0,VIRGINIA
21,,Franklin,94.0,73.0,21.0,VIRGINIA
22,,Frederick,140.0,124.0,16.0,VIRGINIA
23,,Giles,34.0,23.0,11.0,VIRGINIA
24,,Gloucester,98.0,83.0,15.0,VIRGINIA
25,,Goochland,47.0,36.0,11.0,VIRGINIA
26,,Greene,42.0,25.0,17.0,VIRGINIA
27,,Hanover,254.0,237.0,17.0,VIRGINIA
28,,Henrico County Police Department,807.0,639.0,168.0,VIRGINIA
29,,Isle of Wight,52.0,48.0,4.0,VIRGINIA
30,,James City County Police Department,102.0,96.0,6.0,VIRGINIA
31,,King William,32.0,19.0,13.0,VIRGINIA
32,,Loudoun,642.0,531.0,111.0,VIRGINIA
33,,Mathews,18.0,11.0,7.0,VIRGINIA
34,,Montgomery,117.0,107.0,10.0,VIRGINIA
35,,Nelson,22.0,18.0,4.0,VIRGINIA
36,,New Kent,48.0,32.0,16.0,VIRGINIA
37,,Powhatan,61.0,42.0,19.0,VIRGINIA
38,,Prince George County Police Department,79.0,54.0,25.0,VIRGINIA
39,,Prince William County Police Department,744.0,611.0,133.0,VIRGINIA
40,,Pulaski,48.0,46.0,2.0,VIRGINIA
41,,Rappahannock,18.0,17.0,1.0,VIRGINIA
42,,Roanoke County Police Department,155.0,141.0,14.0,VIRGINIA
43,,Rockingham,78.0,62.0,16.0,VIRGINIA
44,,Scott,37.0,30.0,7.0,VIRGINIA
45,,Spotsylvania,230.0,181.0,49.0,VIRGINIA
46,,Stafford,240.0,173.0,67.0,VIRGINIA
47,,Sussex,48.0,43.0,5.0,VIRGINIA
48,,Warren,70.0,53.0,17.0,VIRGINIA
49,,Washington,80.0,59.0,21.0,VIRGINIA
50,,York,94.0,86.0,8.0,VIRGINIA
51,False,Accomack,68.0,57.0,11.0,VIRGINIA
52,,Alleghany,65.0,46.0,19.0,VIRGINIA
53,,Bath,19.0,12.0,7.0,VIRGINIA
54,,Bland,18.0,10.0,8.0,VIRGINIA
55,,Brunswick,38.0,27.0,11.0,VIRGINIA
56,,Buchanan,46.0,33.0,13.0,VIRGINIA
57,,Carroll,42.0,36.0,6.0,VIRGINIA
58,,Charlotte,36.0,33.0,3.0,VIRGINIA
59,,Cumberland,22.0,17.0,5.0,VIRGINIA
60,,Dickenson,25.0,14.0,11.0,VIRGINIA
61,,Essex,21.0,10.0,11.0,VIRGINIA
62,,Grayson,32.0,26.0,6.0,VIRGINIA
63,,Greensville,34.0,21.0,13.0,VIRGINIA
64,,Halifax,38.0,31.0,7.0,VIRGINIA
65,,Henry,131.0,118.0,13.0,VIRGINIA
66,,Highland,12.0,7.0,5.0,VIRGINIA
67,,King and Queen,20.0,12.0,8.0,VIRGINIA
68,,King George,58.0,40.0,18.0,VIRGINIA
69,,Lancaster,38.0,29.0,9.0,VIRGINIA
70,,Lee,34.0,34.0,0.0,VIRGINIA
71,,Louisa,64.0,47.0,17.0,VIRGINIA
72,,Lunenburg,19.0,13.0,6.0,VIRGINIA
73,,Madison,34.0,21.0,13.0,VIRGINIA
74,,Mecklenburg,52.0,50.0,2.0,VIRGINIA
75,,Middlesex,42.0,30.0,12.0,VIRGINIA
76,,Northampton,84.0,66.0,18.0,VIRGINIA
77,,Northumberland,33.0,22.0,11.0,VIRGINIA
78,,Nottoway,24.0,14.0,10.0,VIRGINIA
79,,Orange,49.0,40.0,9.0,VIRGINIA
80,,Page,72.0,55.0,17.0,VIRGINIA
81,,Patrick,69.0,54.0,15.0,VIRGINIA
82,,Pittsylvania,141.0,122.0,19.0,VIRGINIA
83,,Prince Edward,31.0,31.0,0.0,VIRGINIA
84,,Richmond,23.0,15.0,8.0,VIRGINIA
85,,Rockbridge,40.0,37.0,3.0,VIRGINIA
86,,Russell,50.0,35.0,15.0,VIRGINIA
87,,Shenandoah,62.0,57.0,5.0,VIRGINIA
88,,Smyth,45.0,45.0,0.0,VIRGINIA
89,,Southampton,80.0,68.0,12.0,VIRGINIA
90,,Surry,21.0,11.0,10.0,VIRGINIA
91,,Tazewell,82.0,58.0,24.0,VIRGINIA
92,,Westmoreland,54.0,40.0,14.0,VIRGINIA
93,,Wise,65.0,49.0,16.0,VIRGINIA
94,,Wythe,46.0,37.0,9.0,VIRGINIA
0,True,Cochise,116.0,81.0,35.0,ARIZONA
1,,Coconino,239.0,56.0,183.0,ARIZONA
2,,Maricopa,3397.0,706.0,2691.0,ARIZONA
3,,Mohave,250.0,80.0,170.0,ARIZONA
4,,Pima,1465.0,512.0,953.0,ARIZONA
5,,Pinal,352.0,155.0,197.0,ARIZONA
6,,Yavapai,171.0,110.0,61.0,ARIZONA
7,,Yuma,310.0,72.0,238.0,ARIZONA
8,False,Apache,70.0,31.0,39.0,ARIZONA
9,,Gila,190.0,44.0,146.0,ARIZONA
10,,Graham,76.0,23.0,53.0,ARIZONA
11,,Greenlee,42.0,12.0,30.0,ARIZONA
12,,La Paz,85.0,30.0,55.0,ARIZONA
13,,Navajo,141.0,56.0,85.0,ARIZONA
14,,Santa Cruz,87.0,35.0,52.0,ARIZONA
0,True,Ada,438.0,140.0,298.0,IDAHO
1,,Bannock,66.0,42.0,24.0,IDAHO
2,,Boise,23.0,13.0,10.0,IDAHO
3,,Bonneville,102.0,67.0,35.0,IDAHO
4,,Butte,11.0,4.0,7.0,IDAHO
5,,Canyon,159.0,69.0,90.0,IDAHO
6,,Franklin,15.0,10.0,5.0,IDAHO
7,,Gem,22.0,13.0,9.0,IDAHO
8,,Jefferson,33.0,19.0,14.0,IDAHO
9,,Kootenai,167.0,93.0,74.0,IDAHO
10,,Nez Perce,45.0,22.0,23.0,IDAHO
11,,Owyhee,20.0,12.0,8.0,IDAHO
12,False,Adams,13.0,6.0,7.0,IDAHO
13,,Bear Lake,13.0,6.0,7.0,IDAHO
14,,Benewah,15.0,7.0,8.0,IDAHO
15,,Bingham,53.0,34.0,19.0,IDAHO
16,,Blaine,42.0,36.0,6.0,IDAHO
17,,Bonner,71.0,40.0,31.0,IDAHO
18,,Boundary,19.0,8.0,11.0,IDAHO
19,,Camas,6.0,4.0,2.0,IDAHO
20,,Caribou,17.0,9.0,8.0,IDAHO
21,,Cassia,52.0,32.0,20.0,IDAHO
22,,Clark,7.0,3.0,4.0,IDAHO
23,,Clearwater,18.0,11.0,7.0,IDAHO
24,,Custer,15.0,8.0,7.0,IDAHO
25,,Elmore,42.0,21.0,21.0,IDAHO
26,,Fremont,28.0,20.0,8.0,IDAHO
27,,Gooding,21.0,16.0,5.0,IDAHO
28,,Idaho,30.0,20.0,10.0,IDAHO
29,,Jerome,22.0,17.0,5.0,IDAHO
30,,Latah,36.0,25.0,11.0,IDAHO
31,,Lemhi,10.0,8.0,2.0,IDAHO
32,,Lewis,8.0,5.0,3.0,IDAHO
33,,Lincoln,8.0,7.0,1.0,IDAHO
34,,Madison,35.0,21.0,14.0,IDAHO
35,,Minidoka,29.0,19.0,10.0,IDAHO
36,,Oneida,14.0,8.0,6.0,IDAHO
37,,Payette,32.0,16.0,16.0,IDAHO
38,,Power,17.0,9.0,8.0,IDAHO
39,,Shoshone,26.0,17.0,9.0,IDAHO
40,,Teton,19.0,11.0,8.0,IDAHO
41,,Twin Falls,69.0,42.0,27.0,IDAHO
42,,Valley,26.0,16.0,10.0,IDAHO
43,,Washington,21.0,13.0,8.0,IDAHO
0,True,Cass,75.0,54.0,21.0,NEBRASKA
1,,Dixon,14.0,8.0,6.0,NEBRASKA
2,,Douglas,199.0,125.0,74.0,NEBRASKA
3,,Hall,40.0,31.0,9.0,NEBRASKA
4,,Hamilton,18.0,9.0,9.0,NEBRASKA
5,,Howard,11.0,5.0,6.0,NEBRASKA
6,,Lancaster,106.0,87.0,19.0,NEBRASKA
7,,Sarpy,199.0,134.0,65.0,NEBRASKA
8,,Saunders,20.0,11.0,9.0,NEBRASKA
9,,Seward,17.0,15.0,2.0,NEBRASKA
10,,Washington,52.0,28.0,24.0,NEBRASKA
11,False,Adams,30.0,16.0,14.0,NEBRASKA
12,,Antelope,16.0,5.0,11.0,NEBRASKA
13,,Arthur,1.0,1.0,0.0,NEBRASKA
14,,Banner,1.0,1.0,0.0,NEBRASKA
15,,Blaine,1.0,1.0,0.0,NEBRASKA
16,,Boone,12.0,5.0,7.0,NEBRASKA
17,,Box Butte,19.0,5.0,14.0,NEBRASKA
18,,Boyd,3.0,3.0,0.0,NEBRASKA
19,,Brown,9.0,5.0,4.0,NEBRASKA
20,,Buffalo,45.0,26.0,19.0,NEBRASKA
21,,Burt,5.0,5.0,0.0,NEBRASKA
22,,Butler,18.0,10.0,8.0,NEBRASKA
23,,Cedar,6.0,6.0,0.0,NEBRASKA
24,,Chase,8.0,4.0,4.0,NEBRASKA
25,,Cherry,6.0,5.0,1.0,NEBRASKA
26,,Cheyenne,21.0,9.0,12.0,NEBRASKA
27,,Clay,12.0,7.0,5.0,NEBRASKA
28,,Colfax,18.0,10.0,8.0,NEBRASKA
29,,Cuming,6.0,5.0,1.0,NEBRASKA
30,,Custer,8.0,7.0,1.0,NEBRASKA
31,,Dawes,14.0,7.0,7.0,NEBRASKA
32,,Dawson,63.0,26.0,37.0,NEBRASKA
33,,Deuel,6.0,5.0,1.0,NEBRASKA
34,,Dodge,23.0,20.0,3.0,NEBRASKA
35,,Dundy,9.0,5.0,4.0,NEBRASKA
36,,Fillmore,13.0,7.0,6.0,NEBRASKA
37,,Franklin,7.0,3.0,4.0,NEBRASKA
38,,Frontier,9.0,5.0,4.0,NEBRASKA
39,,Furnas,14.0,8.0,6.0,NEBRASKA
40,,Gage,27.0,15.0,12.0,NEBRASKA
41,,Garfield,2.0,2.0,0.0,NEBRASKA
42,,Gosper,6.0,5.0,1.0,NEBRASKA
43,,Grant,1.0,1.0,0.0,NEBRASKA
44,,Greeley,3.0,2.0,1.0,NEBRASKA
45,,Harlan,8.0,4.0,4.0,NEBRASKA
46,,Hayes,2.0,1.0,1.0,NEBRASKA
47,,Hitchcock,8.0,4.0,4.0,NEBRASKA
48,,Holt,10.0,4.0,6.0,NEBRASKA
49,,Hooker,2.0,2.0,0.0,NEBRASKA
50,,Jefferson,16.0,9.0,7.0,NEBRASKA
51,,Johnson,11.0,6.0,5.0,NEBRASKA
52,,Kearney,10.0,5.0,5.0,NEBRASKA
53,,Keith,8.0,7.0,1.0,NEBRASKA
54,,Keya Paha,1.0,1.0,0.0,NEBRASKA
55,,Kimball,9.0,4.0,5.0,NEBRASKA
56,,Knox,14.0,5.0,9.0,NEBRASKA
57,,Lincoln,57.0,24.0,33.0,NEBRASKA
58,,Madison,61.0,33.0,28.0,NEBRASKA
59,,McPherson,1.0,1.0,0.0,NEBRASKA
60,,Morrill,14.0,9.0,5.0,NEBRASKA
61,,Nance,11.0,7.0,4.0,NEBRASKA
62,,Nemaha,10.0,10.0,0.0,NEBRASKA
63,,Nuckolls,8.0,5.0,3.0,NEBRASKA
64,,Otoe,29.0,15.0,14.0,NEBRASKA
65,,Pawnee,4.0,3.0,1.0,NEBRASKA
66,,Perkins,8.0,7.0,1.0,NEBRASKA
67,,Platte,69.0,20.0,49.0,NEBRASKA
68,,Red Willow,21.0,6.0,15.0,NEBRASKA
69,,Rock,7.0,3.0,4.0,NEBRASKA
70,,Saline,24.0,17.0,7.0,NEBRASKA
71,,Scotts Bluff,25.0,17.0,8.0,NEBRASKA
72,,Sheridan,15.0,5.0,10.0,NEBRASKA
73,,Sherman,6.0,5.0,1.0,NEBRASKA
74,,Thurston,11.0,6.0,5.0,NEBRASKA
75,,Wayne,4.0,4.0,0.0,NEBRASKA
76,,Webster,9.0,6.0,3.0,NEBRASKA
77,,Wheeler,1.0,1.0,0.0,NEBRASKA
78,,York,27.0,10.0,17.0,NEBRASKA
0,True,Autauga,74.0,37.0,37.0,ALABAMA
1,,Baldwin,288.0,115.0,173.0,ALABAMA
2,,Bibb,12.0,11.0,1.0,ALABAMA
3,,Calhoun,55.0,50.0,5.0,ALABAMA
4,,Chilton,32.0,28.0,4.0,ALABAMA
5,,Elmore,108.0,48.0,60.0,ALABAMA
6,,Etowah,156.0,61.0,95.0,ALABAMA
7,,Geneva,27.0,13.0,14.0,ALABAMA
8,,Hale,27.0,11.0,16.0,ALABAMA
9,,Henry,20.0,16.0,4.0,ALABAMA
10,,Houston,152.0,62.0,90.0,ALABAMA
11,,Lauderdale,42.0,36.0,6.0,ALABAMA
12,,Lee,176.0,79.0,97.0,ALABAMA
13,,Limestone,117.0,47.0,70.0,ALABAMA
14,,Lowndes,37.0,17.0,20.0,ALABAMA
15,,Mobile,541.0,188.0,353.0,ALABAMA
16,,Montgomery,169.0,129.0,40.0,ALABAMA
17,,Pickens,33.0,9.0,24.0,ALABAMA
18,,Russell,128.0,40.0,88.0,ALABAMA
19,,St. Clair,56.0,48.0,8.0,ALABAMA
20,,Tuscaloosa,204.0,101.0,103.0,ALABAMA
21,,Walker,83.0,34.0,49.0,ALABAMA
22,False,Bullock,13.0,6.0,7.0,ALABAMA
23,,Clay,26.0,10.0,16.0,ALABAMA
24,,Cleburne,27.0,10.0,17.0,ALABAMA
25,,Conecuh,39.0,13.0,26.0,ALABAMA
26,,Coosa,25.0,11.0,14.0,ALABAMA
27,,Covington,28.0,25.0,3.0,ALABAMA
28,,Dale,49.0,25.0,24.0,ALABAMA
29,,Dallas,50.0,23.0,27.0,ALABAMA
30,,Escambia,66.0,27.0,39.0,ALABAMA
31,,Greene,32.0,14.0,18.0,ALABAMA
32,,Lamar,18.0,7.0,11.0,ALABAMA
33,,Macon,35.0,12.0,23.0,ALABAMA
34,,Marion,31.0,15.0,16.0,ALABAMA
35,,Marshall,73.0,39.0,34.0,ALABAMA
36,,Pike,28.0,17.0,11.0,ALABAMA
37,,Talladega,101.0,38.0,63.0,ALABAMA
38,,Tallapoosa,57.0,25.0,32.0,ALABAMA
39,,Winston,28.0,10.0,18.0,ALABAMA
0,True,Burleigh,113.0,52.0,61.0,NORTH DAKOTA
1,,Cass,162.0,110.0,52.0,NORTH DAKOTA
2,,Grand Forks,40.0,33.0,7.0,NORTH DAKOTA
3,,Morton,58.0,33.0,25.0,NORTH DAKOTA
4,,Oliver,5.0,4.0,1.0,NORTH DAKOTA
5,,Sioux,1.0,1.0,0.0,NORTH DAKOTA
6,False,Adams,6.0,5.0,1.0,NORTH DAKOTA
7,,Barnes,9.0,8.0,1.0,NORTH DAKOTA
8,,Benson,4.0,4.0,0.0,NORTH DAKOTA
9,,Billings,6.0,6.0,0.0,NORTH DAKOTA
10,,Bottineau,15.0,11.0,4.0,NORTH DAKOTA
11,,Bowman,5.0,4.0,1.0,NORTH DAKOTA
12,,Burke,5.0,4.0,1.0,NORTH DAKOTA
13,,Cavalier,11.0,6.0,5.0,NORTH DAKOTA
14,,Dickey,5.0,4.0,1.0,NORTH DAKOTA
15,,Divide,7.0,7.0,0.0,NORTH DAKOTA
16,,Dunn,18.0,15.0,3.0,NORTH DAKOTA
17,,Eddy,5.0,4.0,1.0,NORTH DAKOTA
18,,Emmons,6.0,5.0,1.0,NORTH DAKOTA
19,,Foster,3.0,3.0,0.0,NORTH DAKOTA
20,,Golden Valley,5.0,4.0,1.0,NORTH DAKOTA
21,,Grant,4.0,4.0,0.0,NORTH DAKOTA
22,,Griggs,3.0,3.0,0.0,NORTH DAKOTA
23,,Hettinger,5.0,4.0,1.0,NORTH DAKOTA
24,,Kidder,3.0,3.0,0.0,NORTH DAKOTA
25,,Lamoure,5.0,4.0,1.0,NORTH DAKOTA
26,,Logan,3.0,3.0,0.0,NORTH DAKOTA
27,,McHenry,8.0,8.0,0.0,NORTH DAKOTA
28,,McIntosh,3.0,3.0,0.0,NORTH DAKOTA
29,,McKenzie,63.0,31.0,32.0,NORTH DAKOTA
30,,McLean,39.0,24.0,15.0,NORTH DAKOTA
31,,Mercer,33.0,18.0,15.0,NORTH DAKOTA
32,,Mountrail,22.0,13.0,9.0,NORTH DAKOTA
33,,Nelson,6.0,5.0,1.0,NORTH DAKOTA
34,,Pembina,18.0,12.0,6.0,NORTH DAKOTA
35,,Pierce,38.0,3.0,35.0,NORTH DAKOTA
36,,Ramsey,7.0,6.0,1.0,NORTH DAKOTA
37,,Ransom,5.0,4.0,1.0,NORTH DAKOTA
38,,Renville,5.0,5.0,0.0,NORTH DAKOTA
39,,Richland,35.0,18.0,17.0,NORTH DAKOTA
40,,Rolette,19.0,10.0,9.0,NORTH DAKOTA
41,,Sargent,5.0,4.0,1.0,NORTH DAKOTA
42,,Sheridan,3.0,3.0,0.0,NORTH DAKOTA
43,,Slope,2.0,2.0,0.0,NORTH DAKOTA
44,,Stark,30.0,25.0,5.0,NORTH DAKOTA
45,,Steele,3.0,3.0,0.0,NORTH DAKOTA
46,,Stutsman,13.0,11.0,2.0,NORTH DAKOTA
47,,Towner,5.0,5.0,0.0,NORTH DAKOTA
48,,Traill,13.0,8.0,5.0,NORTH DAKOTA
49,,Walsh,19.0,11.0,8.0,NORTH DAKOTA
50,,Ward,90.0,39.0,51.0,NORTH DAKOTA
51,,Wells,3.0,3.0,0.0,NORTH DAKOTA
52,,Williams,80.0,40.0,40.0,NORTH DAKOTA
0,True,Baker,145.0,39.0,106.0,FLORIDA
1,,Bay,273.0,207.0,66.0,FLORIDA
2,,Charlotte,406.0,294.0,112.0,FLORIDA
3,,Citrus,419.0,220.0,199.0,FLORIDA
4,,Clay,545.0,268.0,277.0,FLORIDA
5,,Collier,884.0,567.0,317.0,FLORIDA
6,,Escambia,665.0,411.0,254.0,FLORIDA
7,,Flagler,250.0,189.0,61.0,FLORIDA
8,,Gadsden,68.0,42.0,26.0,FLORIDA
9,,Gilchrist,49.0,27.0,22.0,FLORIDA
10,,Gulf,40.0,27.0,13.0,FLORIDA
11,,Highlands,323.0,137.0,186.0,FLORIDA
12,,Hillsborough,3273.0,1181.0,2092.0,FLORIDA
13,,Indian River,456.0,180.0,276.0,FLORIDA
14,,Jefferson,62.0,25.0,37.0,FLORIDA
15,,Lee,1527.0,702.0,825.0,FLORIDA
16,,Leon,378.0,253.0,125.0,FLORIDA
17,,Manatee,1109.0,724.0,385.0,FLORIDA
18,,Marion,718.0,502.0,216.0,FLORIDA
19,,Martin,495.0,276.0,219.0,FLORIDA
20,,Nassau,239.0,158.0,81.0,FLORIDA
21,,Orange,2097.0,1447.0,650.0,FLORIDA
22,,Osceola,610.0,395.0,215.0,FLORIDA
23,,Palm Beach,3397.0,1533.0,1864.0,FLORIDA
24,,Santa Rosa,379.0,194.0,185.0,FLORIDA
25,,Sarasota,942.0,406.0,536.0,FLORIDA
26,,Seminole,1148.0,572.0,576.0,FLORIDA
27,,St. Johns,608.0,277.0,331.0,FLORIDA
28,,Sumter,287.0,211.0,76.0,FLORIDA
29,,Volusia,719.0,422.0,297.0,FLORIDA
30,,Wakulla,111.0,69.0,42.0,FLORIDA
31,,Walton,374.0,250.0,124.0,FLORIDA
32,False,Bradford,54.0,36.0,18.0,FLORIDA
33,,Calhoun,30.0,21.0,9.0,FLORIDA
34,,DeSoto,123.0,60.0,63.0,FLORIDA
35,,Dixie,73.0,26.0,47.0,FLORIDA
36,,Glades,100.0,29.0,71.0,FLORIDA
37,,Hardee,100.0,72.0,28.0,FLORIDA
38,,Holmes,52.0,25.0,27.0,FLORIDA
39,,Jackson,79.0,59.0,20.0,FLORIDA
40,,Levy,152.0,79.0,73.0,FLORIDA
41,,Liberty,40.0,17.0,23.0,FLORIDA
42,,Madison,78.0,41.0,37.0,FLORIDA
43,,Monroe,501.0,195.0,306.0,FLORIDA
44,,Okeechobee,171.0,125.0,46.0,FLORIDA
45,,Putnam,204.0,101.0,103.0,FLORIDA
46,,Suwannee,111.0,61.0,50.0,FLORIDA
47,,Taylor,75.0,32.0,43.0,FLORIDA
48,,Union,20.0,14.0,6.0,FLORIDA
49,,Washington,60.0,37.0,23.0,FLORIDA
0,True,Allen,18.0,16.0,2.0,KENTUCKY
1,,Boone,140.0,133.0,7.0,KENTUCKY
2,,Boyd,31.0,27.0,4.0,KENTUCKY
3,,Bullitt,53.0,38.0,15.0,KENTUCKY
4,,Butler,8.0,6.0,2.0,KENTUCKY
5,,Clark,17.0,13.0,4.0,KENTUCKY
6,,Daviess,41.0,37.0,4.0,KENTUCKY
7,,Grant,18.0,16.0,2.0,KENTUCKY
8,,Greenup,18.0,15.0,3.0,KENTUCKY
9,,Jefferson,290.0,238.0,52.0,KENTUCKY
10,,Larue,6.0,5.0,1.0,KENTUCKY
11,,Meade,18.0,10.0,8.0,KENTUCKY
12,,Oldham,16.0,12.0,4.0,KENTUCKY
13,,Trigg,10.0,7.0,3.0,KENTUCKY
14,,Warren,87.0,38.0,49.0,KENTUCKY
15,,Woodford,11.0,8.0,3.0,KENTUCKY
16,False,Bath,7.0,5.0,2.0,KENTUCKY
17,,Breckinridge,10.0,7.0,3.0,KENTUCKY
18,,Carlisle,3.0,2.0,1.0,KENTUCKY
19,,Casey,8.0,6.0,2.0,KENTUCKY
20,,Cumberland,6.0,4.0,2.0,KENTUCKY
21,,Fleming,7.0,6.0,1.0,KENTUCKY
22,,Graves,19.0,16.0,3.0,KENTUCKY
23,,Grayson,11.0,8.0,3.0,KENTUCKY
24,,Green,12.0,4.0,8.0,KENTUCKY
25,,Harlan,21.0,17.0,4.0,KENTUCKY
26,,Hart,9.0,6.0,3.0,KENTUCKY
27,,Johnson,12.0,10.0,2.0,KENTUCKY
28,,Knott,9.0,6.0,3.0,KENTUCKY
29,,Laurel,59.0,35.0,24.0,KENTUCKY
30,,Lewis,7.0,5.0,2.0,KENTUCKY
31,,Livingston,6.0,5.0,1.0,KENTUCKY
32,,Logan,19.0,17.0,2.0,KENTUCKY
33,,Madison,31.0,28.0,3.0,KENTUCKY
34,,Marion,10.0,7.0,3.0,KENTUCKY
35,,McCracken,47.0,41.0,6.0,KENTUCKY
36,,McCreary,4.0,3.0,1.0,KENTUCKY
37,,Menifee,4.0,4.0,0.0,KENTUCKY
38,,Metcalfe,13.0,10.0,3.0,KENTUCKY
39,,Montgomery,17.0,15.0,2.0,KENTUCKY
40,,Muhlenberg,15.0,13.0,2.0,KENTUCKY
41,,Muhlenberg County Police Department,1.0,1.0,0.0,KENTUCKY
42,,Pike,16.0,8.0,8.0,KENTUCKY
43,,Rowan,13.0,11.0,2.0,KENTUCKY
44,,Russell,11.0,9.0,2.0,KENTUCKY
45,,Todd,5.0,4.0,1.0,KENTUCKY
46,,Whitley,19.0,13.0,6.0,KENTUCKY
0,True,Barry,54.0,30.0,24.0,MICHIGAN
1,,Bay,76.0,32.0,44.0,MICHIGAN
2,,Berrien,158.0,74.0,84.0,MICHIGAN
3,,Calhoun,181.0,86.0,95.0,MICHIGAN
4,,Cass,70.0,33.0,37.0,MICHIGAN
5,,Clinton,61.0,26.0,35.0,MICHIGAN
6,,Eaton,127.0,70.0,57.0,MICHIGAN
7,,Genesee,247.0,113.0,134.0,MICHIGAN
8,,Ingham,164.0,91.0,73.0,MICHIGAN
9,,Jackson,128.0,52.0,76.0,MICHIGAN
10,,Kalamazoo,218.0,130.0,88.0,MICHIGAN
11,,Kent,531.0,207.0,324.0,MICHIGAN
12,,Lapeer,79.0,50.0,29.0,MICHIGAN
13,,Livingston,147.0,52.0,95.0,MICHIGAN
14,,Macomb,508.0,241.0,267.0,MICHIGAN
15,,Midland,70.0,32.0,38.0,MICHIGAN
16,,Monroe,154.0,74.0,80.0,MICHIGAN
17,,Montcalm,42.0,17.0,25.0,MICHIGAN
18,,Muskegon,108.0,47.0,61.0,MICHIGAN
19,,Oakland,1042.0,859.0,183.0,MICHIGAN
20,,Ottawa,235.0,145.0,90.0,MICHIGAN
21,,Saginaw,129.0,66.0,63.0,MICHIGAN
22,,St. Clair,185.0,75.0,110.0,MICHIGAN
23,,Van Buren,103.0,56.0,47.0,MICHIGAN
24,,Washtenaw,303.0,128.0,175.0,MICHIGAN
25,,Wayne,920.0,629.0,291.0,MICHIGAN
26,False,Alcona,29.0,12.0,17.0,MICHIGAN
27,,Alger,18.0,9.0,9.0,MICHIGAN
28,,Allegan,19.0,10.0,9.0,MICHIGAN
29,,Alpena,27.0,13.0,14.0,MICHIGAN
30,,Antrim,45.0,20.0,25.0,MICHIGAN
31,,Arenac,26.0,13.0,13.0,MICHIGAN
32,,Baraga,13.0,6.0,7.0,MICHIGAN
33,,Benzie,33.0,15.0,18.0,MICHIGAN
34,,Branch,35.0,14.0,21.0,MICHIGAN
35,,Charlevoix,36.0,20.0,16.0,MICHIGAN
36,,Cheboygan,37.0,20.0,17.0,MICHIGAN
37,,Chippewa,32.0,15.0,17.0,MICHIGAN
38,,Clare,31.0,21.0,10.0,MICHIGAN
39,,Crawford,25.0,15.0,10.0,MICHIGAN
40,,Delta,30.0,14.0,16.0,MICHIGAN
41,,Dickinson,29.0,12.0,17.0,MICHIGAN
42,,Emmet,47.0,25.0,22.0,MICHIGAN
43,,Gladwin,41.0,16.0,25.0,MICHIGAN
44,,Gogebic,24.0,16.0,8.0,MICHIGAN
45,,Grand Traverse,122.0,64.0,58.0,MICHIGAN
46,,Gratiot,40.0,25.0,15.0,MICHIGAN
47,,Hillsdale,32.0,22.0,10.0,MICHIGAN
48,,Houghton,30.0,21.0,9.0,MICHIGAN
49,,Huron,46.0,20.0,26.0,MICHIGAN
50,,Ionia,56.0,24.0,32.0,MICHIGAN
51,,Iosco,22.0,5.0,17.0,MICHIGAN
52,,Iron,19.0,10.0,9.0,MICHIGAN
53,,Isabella,49.0,22.0,27.0,MICHIGAN
54,,Kalkaska,34.0,15.0,19.0,MICHIGAN
55,,Keweenaw,6.0,6.0,0.0,MICHIGAN
56,,Lake,53.0,14.0,39.0,MICHIGAN
57,,Leelanau,50.0,20.0,30.0,MICHIGAN
58,,Lenawee,104.0,41.0,63.0,MICHIGAN
59,,Luce,4.0,4.0,0.0,MICHIGAN
60,,Mackinac,28.0,13.0,15.0,MICHIGAN
61,,Manistee,38.0,16.0,22.0,MICHIGAN
62,,Marquette,61.0,22.0,39.0,MICHIGAN
63,,Mason,40.0,20.0,20.0,MICHIGAN
64,,Mecosta,52.0,24.0,28.0,MICHIGAN
65,,Menominee,15.0,15.0,0.0,MICHIGAN
66,,Missaukee,26.0,13.0,13.0,MICHIGAN
67,,Montmorency,13.0,13.0,0.0,MICHIGAN
68,,Newaygo,27.0,24.0,3.0,MICHIGAN
69,,Oceana,35.0,21.0,14.0,MICHIGAN
70,,Ogemaw,36.0,18.0,18.0,MICHIGAN
71,,Ontonagon,5.0,5.0,0.0,MICHIGAN
72,,Osceola,36.0,17.0,19.0,MICHIGAN
73,,Oscoda,16.0,10.0,6.0,MICHIGAN
74,,Otsego,25.0,12.0,13.0,MICHIGAN
75,,Presque Isle,26.0,13.0,13.0,MICHIGAN
76,,Roscommon,39.0,24.0,15.0,MICHIGAN
77,,Sanilac,28.0,25.0,3.0,MICHIGAN
78,,Schoolcraft,9.0,2.0,7.0,MICHIGAN
79,,Shiawassee,51.0,21.0,30.0,MICHIGAN
80,,St. Joseph,58.0,27.0,31.0,MICHIGAN
81,,Tuscola,47.0,22.0,25.0,MICHIGAN
82,,Wexford,48.0,23.0,25.0,MICHIGAN
0,True,Alamance,255.0,117.0,138.0,NORTH CAROLINA
1,,Alexander,71.0,39.0,32.0,NORTH CAROLINA
2,,Brunswick,261.0,154.0,107.0,NORTH CAROLINA
3,,Buncombe,393.0,247.0,146.0,NORTH CAROLINA
4,,Burke,110.0,88.0,22.0,NORTH CAROLINA
5,,Cabarrus,310.0,183.0,127.0,NORTH CAROLINA
6,,Caldwell,113.0,103.0,10.0,NORTH CAROLINA
7,,Catawba,194.0,145.0,49.0,NORTH CAROLINA
8,,Chatham,132.0,100.0,32.0,NORTH CAROLINA
9,,Craven,126.0,73.0,53.0,NORTH CAROLINA
10,,Cumberland,603.0,303.0,300.0,NORTH CAROLINA
11,,Currituck,96.0,63.0,33.0,NORTH CAROLINA
12,,Davidson,180.0,124.0,56.0,NORTH CAROLINA
13,,Davie,86.0,56.0,30.0,NORTH CAROLINA
14,,Durham,463.0,181.0,282.0,NORTH CAROLINA
15,,Edgecombe,134.0,54.0,80.0,NORTH CAROLINA
16,,Forsyth,474.0,206.0,268.0,NORTH CAROLINA
17,,Franklin,123.0,74.0,49.0,NORTH CAROLINA
18,,Gaston,206.0,119.0,87.0,NORTH CAROLINA
19,,Gaston County Police Department,215.0,123.0,92.0,NORTH CAROLINA
20,,Gates,13.0,13.0,0.0,NORTH CAROLINA
21,,Guilford,612.0,267.0,345.0,NORTH CAROLINA
22,,Haywood,125.0,68.0,57.0,NORTH CAROLINA
23,,Henderson,203.0,134.0,69.0,NORTH CAROLINA
24,,Hoke,122.0,63.0,59.0,NORTH CAROLINA
25,,Iredell,203.0,147.0,56.0,NORTH CAROLINA
26,,Johnston,186.0,114.0,72.0,NORTH CAROLINA
27,,Jones,29.0,18.0,11.0,NORTH CAROLINA
28,,Lincoln,158.0,107.0,51.0,NORTH CAROLINA
29,,Madison,43.0,24.0,19.0,NORTH CAROLINA
30,,Mecklenburg1,1084.0,294.0,790.0,NORTH CAROLINA
31,,Nash,140.0,88.0,52.0,NORTH CAROLINA
32,,New Hanover,488.0,349.0,139.0,NORTH CAROLINA
33,,Onslow,264.0,126.0,138.0,NORTH CAROLINA
34,,Orange,140.0,94.0,46.0,NORTH CAROLINA
35,,Pamlico,50.0,22.0,28.0,NORTH CAROLINA
36,,Pender,110.0,64.0,46.0,NORTH CAROLINA
37,,Person,83.0,46.0,37.0,NORTH CAROLINA
38,,Pitt,310.0,130.0,180.0,NORTH CAROLINA
39,,Randolph,229.0,176.0,53.0,NORTH CAROLINA
40,,Rockingham,142.0,95.0,47.0,NORTH CAROLINA
41,,Rowan,185.0,124.0,61.0,NORTH CAROLINA
42,,Stokes,66.0,46.0,20.0,NORTH CAROLINA
43,,Union,285.0,203.0,82.0,NORTH CAROLINA
44,,Wake,967.0,378.0,589.0,NORTH CAROLINA
45,,Wayne,223.0,118.0,105.0,NORTH CAROLINA
46,,Yadkin,76.0,39.0,37.0,NORTH CAROLINA
47,False,Alleghany,33.0,17.0,16.0,NORTH CAROLINA
48,,Anson,60.0,32.0,28.0,NORTH CAROLINA
49,,Ashe,62.0,30.0,32.0,NORTH CAROLINA
50,,Avery,49.0,25.0,24.0,NORTH CAROLINA
51,,Beaufort,90.0,55.0,35.0,NORTH CAROLINA
52,,Bertie,36.0,23.0,13.0,NORTH CAROLINA
53,,Bladen,85.0,53.0,32.0,NORTH CAROLINA
54,,Camden,21.0,18.0,3.0,NORTH CAROLINA
55,,Carteret,92.0,63.0,29.0,NORTH CAROLINA
56,,Caswell,52.0,35.0,17.0,NORTH CAROLINA
57,,Cherokee,67.0,31.0,36.0,NORTH CAROLINA
58,,Chowan,34.0,17.0,17.0,NORTH CAROLINA
59,,Clay,44.0,17.0,27.0,NORTH CAROLINA
60,,Cleveland,173.0,103.0,70.0,NORTH CAROLINA
61,,Columbus,118.0,75.0,43.0,NORTH CAROLINA
62,,Dare,144.0,65.0,79.0,NORTH CAROLINA
63,,Duplin,111.0,76.0,35.0,NORTH CAROLINA
64,,Graham,30.0,17.0,13.0,NORTH CAROLINA
65,,Greene,49.0,23.0,26.0,NORTH CAROLINA
66,,Halifax,94.0,62.0,32.0,NORTH CAROLINA
67,,Harnett,218.0,122.0,96.0,NORTH CAROLINA
68,,Hertford,53.0,23.0,30.0,NORTH CAROLINA
69,,Hyde,20.0,14.0,6.0,NORTH CAROLINA
70,,Jackson,76.0,53.0,23.0,NORTH CAROLINA
71,,Lee,106.0,67.0,39.0,NORTH CAROLINA
72,,Lenoir,121.0,62.0,59.0,NORTH CAROLINA
73,,Macon,76.0,50.0,26.0,NORTH CAROLINA
74,,Martin,40.0,37.0,3.0,NORTH CAROLINA
75,,McDowell,63.0,44.0,19.0,NORTH CAROLINA
76,,Mitchell,20.0,18.0,2.0,NORTH CAROLINA
77,,Montgomery,55.0,30.0,25.0,NORTH CAROLINA
78,,Moore,131.0,74.0,57.0,NORTH CAROLINA
79,,Northampton,54.0,31.0,23.0,NORTH CAROLINA
80,,Pasquotank,66.0,45.0,21.0,NORTH CAROLINA
81,,Perquimans,15.0,13.0,2.0,NORTH CAROLINA
82,,Polk,46.0,36.0,10.0,NORTH CAROLINA
83,,Richmond,88.0,56.0,32.0,NORTH CAROLINA
84,,Robeson,218.0,130.0,88.0,NORTH CAROLINA
85,,Rutherford,137.0,80.0,57.0,NORTH CAROLINA
86,,Sampson,133.0,90.0,43.0,NORTH CAROLINA
87,,Scotland,63.0,37.0,26.0,NORTH CAROLINA
88,,Stanly,90.0,87.0,3.0,NORTH CAROLINA
89,,Surry,105.0,77.0,28.0,NORTH CAROLINA
90,,Swain,47.0,27.0,20.0,NORTH CAROLINA
91,,Transylvania,82.0,60.0,22.0,NORTH CAROLINA
92,,Tyrrell,18.0,12.0,6.0,NORTH CAROLINA
93,,Vance,81.0,40.0,41.0,NORTH CAROLINA
94,,Warren,67.0,36.0,31.0,NORTH CAROLINA
95,,Washington,52.0,22.0,30.0,NORTH CAROLINA
96,,Watauga,76.0,45.0,31.0,NORTH CAROLINA
97,,Wilkes,127.0,71.0,56.0,NORTH CAROLINA
98,,Wilson,151.0,91.0,60.0,NORTH CAROLINA
99,,Yancey,38.0,18.0,20.0,NORTH CAROLINA
100,1 The employee data presented in this table for Mecklenburg represent only Mecklenburg County Sheriff's Office employees and exclude Charlotte-Mecklenburg Police Department employees.,,,,,NORTH CAROLINA
0,True,Androscoggin,32.0,19.0,13.0,MAINE
1,,Cumberland,71.0,59.0,12.0,MAINE
2,,Penobscot,36.0,32.0,4.0,MAINE
3,,Sagadahoc,21.0,19.0,2.0,MAINE
4,,York,33.0,30.0,3.0,MAINE
5,False,Aroostook,27.0,21.0,6.0,MAINE
6,,Franklin,21.0,20.0,1.0,MAINE
7,,Hancock,20.0,19.0,1.0,MAINE
8,,Kennebec,23.0,20.0,3.0,MAINE
9,,Knox,22.0,22.0,0.0,MAINE
10,,Lincoln,25.0,23.0,2.0,MAINE
11,,Oxford,28.0,26.0,2.0,MAINE
12,,Piscataquis,8.0,7.0,1.0,MAINE
13,,Somerset,25.0,22.0,3.0,MAINE
14,,Waldo,21.0,19.0,2.0,MAINE
15,,Washington,13.0,11.0,2.0,MAINE
0,True,Asotin,30.0,13.0,17.0,WASHINGTON
1,,Benton,71.0,58.0,13.0,WASHINGTON
2,,Chelan,73.0,57.0,16.0,WASHINGTON
3,,Clark,211.0,134.0,77.0,WASHINGTON
4,,Columbia,9.0,8.0,1.0,WASHINGTON
5,,Cowlitz,47.0,41.0,6.0,WASHINGTON
6,,Douglas,33.0,27.0,6.0,WASHINGTON
7,,Franklin,85.0,27.0,58.0,WASHINGTON
8,,King,321.0,230.0,91.0,WASHINGTON
9,,Kitsap,140.0,117.0,23.0,WASHINGTON
10,,Pend Oreille,34.0,14.0,20.0,WASHINGTON
11,,Pierce,328.0,268.0,60.0,WASHINGTON
12,,Skagit,117.0,54.0,63.0,WASHINGTON
13,,Skamania,20.0,17.0,3.0,WASHINGTON
14,,Snohomish,341.0,273.0,68.0,WASHINGTON
15,,Spokane,182.0,119.0,63.0,WASHINGTON
16,,Stevens,53.0,26.0,27.0,WASHINGTON
17,,Thurston,215.0,83.0,132.0,WASHINGTON
18,,Walla Walla,33.0,26.0,7.0,WASHINGTON
19,,Whatcom,187.0,86.0,101.0,WASHINGTON
20,,Yakima,81.0,55.0,26.0,WASHINGTON
21,False,Adams,35.0,16.0,19.0,WASHINGTON
22,,Clallam,43.0,35.0,8.0,WASHINGTON
23,,Ferry,17.0,11.0,6.0,WASHINGTON
24,,Garfield,15.0,8.0,7.0,WASHINGTON
25,,Grant,66.0,50.0,16.0,WASHINGTON
26,,Grays Harbor,73.0,60.0,13.0,WASHINGTON
27,,Island,45.0,38.0,7.0,WASHINGTON
28,,Jefferson,45.0,23.0,22.0,WASHINGTON
29,,Kittitas,71.0,32.0,39.0,WASHINGTON
30,,Klickitat,39.0,20.0,19.0,WASHINGTON
31,,Lewis,50.0,35.0,15.0,WASHINGTON
32,,Lincoln,24.0,14.0,10.0,WASHINGTON
33,,Mason,96.0,52.0,44.0,WASHINGTON
34,,Okanogan,35.0,30.0,5.0,WASHINGTON
35,,Pacific,42.0,13.0,29.0,WASHINGTON
36,,San Juan,32.0,20.0,12.0,WASHINGTON
37,,Wahkiakum,19.0,8.0,11.0,WASHINGTON
38,,Whitman,21.0,18.0,3.0,WASHINGTON
0,True,Allegany,31.0,28.0,3.0,MARYLAND
1,,Anne Arundel,96.0,72.0,24.0,MARYLAND
2,,Anne Arundel County Police Department,960.0,698.0,262.0,MARYLAND
3,,Baltimore County,85.0,73.0,12.0,MARYLAND
4,,Baltimore County Police Department,2092.0,1833.0,259.0,MARYLAND
5,,Calvert,147.0,122.0,25.0,MARYLAND
6,,Carroll,141.0,113.0,28.0,MARYLAND
7,,Cecil,106.0,89.0,17.0,MARYLAND
8,,Charles,423.0,295.0,128.0,MARYLAND
9,,Frederick,236.0,176.0,60.0,MARYLAND
10,,Harford,380.0,285.0,95.0,MARYLAND
11,,Howard,69.0,53.0,16.0,MARYLAND
12,,Howard County Police Department,659.0,476.0,183.0,MARYLAND
13,,Montgomery,180.0,140.0,40.0,MARYLAND
14,,Montgomery County Police Department,1904.0,1365.0,539.0,MARYLAND
15,,Prince George's ,331.0,247.0,84.0,MARYLAND
16,,Prince George's County Police Department,1888.0,1675.0,213.0,MARYLAND
17,,Queen Anne's,66.0,60.0,6.0,MARYLAND
18,,Somerset,29.0,25.0,4.0,MARYLAND
19,,St. Mary's,264.0,115.0,149.0,MARYLAND
20,,Washington,246.0,100.0,146.0,MARYLAND
21,,Wicomico,108.0,87.0,21.0,MARYLAND
22,,Worcester,60.0,51.0,9.0,MARYLAND
23,False,Caroline,34.0,30.0,4.0,MARYLAND
24,,Dorchester,42.0,38.0,4.0,MARYLAND
25,,Garrett,57.0,31.0,26.0,MARYLAND
26,,Kent,28.0,25.0,3.0,MARYLAND
27,,Talbot,35.0,32.0,3.0,MARYLAND
0,True,Maui Police Department,486.0,372.0,114.0,HAWAII
1,False,Hawaii Police Department,559.0,431.0,128.0,HAWAII
2,,Kauai Police Department,197.0,150.0,47.0,HAWAII
0,True,Atlantic,133.0,110.0,23.0,NEW JERSEY
1,,Bergen,585.0,502.0,83.0,NEW JERSEY
2,,Burlington,89.0,71.0,18.0,NEW JERSEY
3,,Camden,187.0,155.0,32.0,NEW JERSEY
4,,Camden County Police Department,463.0,410.0,53.0,NEW JERSEY
5,,Cape May,148.0,134.0,14.0,NEW JERSEY
6,,Cumberland,63.0,56.0,7.0,NEW JERSEY
7,,Essex,522.0,449.0,73.0,NEW JERSEY
8,,Gloucester,109.0,92.0,17.0,NEW JERSEY
9,,Hudson,347.0,222.0,125.0,NEW JERSEY
10,,Hunterdon,32.0,28.0,4.0,NEW JERSEY
11,,Mercer,183.0,141.0,42.0,NEW JERSEY
12,,Middlesex,225.0,182.0,43.0,NEW JERSEY
13,,Monmouth,691.0,438.0,253.0,NEW JERSEY
14,,Morris,122.0,92.0,30.0,NEW JERSEY
15,,Ocean,278.0,139.0,139.0,NEW JERSEY
16,,Passaic,698.0,557.0,141.0,NEW JERSEY
17,,Salem,262.0,221.0,41.0,NEW JERSEY
18,,Somerset,225.0,166.0,59.0,NEW JERSEY
19,,Sussex,147.0,117.0,30.0,NEW JERSEY
20,,Union,249.0,205.0,44.0,NEW JERSEY
21,,Warren,23.0,19.0,4.0,NEW JERSEY
0,True,Allen,147.0,68.0,79.0,OHIO
1,,Brown,43.0,27.0,16.0,OHIO
2,,Carroll,35.0,21.0,14.0,OHIO
3,,Delaware,202.0,93.0,109.0,OHIO
4,,Fairfield,142.0,114.0,28.0,OHIO
5,,Fulton,24.0,22.0,2.0,OHIO
6,,Greene,141.0,63.0,78.0,OHIO
7,,Licking,206.0,84.0,122.0,OHIO
8,,Lorain,77.0,66.0,11.0,OHIO
9,,Madison,40.0,32.0,8.0,OHIO
10,,Medina,138.0,55.0,83.0,OHIO
11,,Miami,108.0,49.0,59.0,OHIO
12,,Perry,19.0,13.0,6.0,OHIO
13,,Pickaway,85.0,41.0,44.0,OHIO
14,,Portage,142.0,76.0,66.0,OHIO
15,,Richland,128.0,42.0,86.0,OHIO
16,,Summit,406.0,332.0,74.0,OHIO
17,,Union,55.0,37.0,18.0,OHIO
18,,Warren,183.0,94.0,89.0,OHIO
19,False,Ashland,77.0,49.0,28.0,OHIO
20,,Ashtabula,71.0,31.0,40.0,OHIO
21,,Athens,33.0,27.0,6.0,OHIO
22,,Champaign,29.0,26.0,3.0,OHIO
23,,Darke,66.0,28.0,38.0,OHIO
24,,Erie,85.0,42.0,43.0,OHIO
25,,Fayette,43.0,26.0,17.0,OHIO
26,,Hancock,92.0,36.0,56.0,OHIO
27,,Highland,47.0,30.0,17.0,OHIO
28,,Holmes,53.0,30.0,23.0,OHIO
29,,Knox,62.0,47.0,15.0,OHIO
30,,Marion,50.0,28.0,22.0,OHIO
31,,Monroe,27.0,20.0,7.0,OHIO
32,,Muskingum,110.0,73.0,37.0,OHIO
33,,Ottawa,63.0,44.0,19.0,OHIO
34,,Paulding,29.0,20.0,9.0,OHIO
35,,Scioto,76.0,37.0,39.0,OHIO
36,,Washington,87.0,43.0,44.0,OHIO
37,,Wyandot,28.0,15.0,13.0,OHIO
0,True,Dona Ana,203.0,143.0,60.0,NEW MEXICO
1,,Sandoval,15.0,12.0,3.0,NEW MEXICO
2,,Santa Fe,121.0,94.0,27.0,NEW MEXICO
3,,Valencia,61.0,55.0,6.0,NEW MEXICO
4,False,Catron,13.0,8.0,5.0,NEW MEXICO
5,,Chaves,46.0,37.0,9.0,NEW MEXICO
6,,Colfax,11.0,11.0,0.0,NEW MEXICO
7,,Curry,26.0,18.0,8.0,NEW MEXICO
8,,De Baca,5.0,5.0,0.0,NEW MEXICO
9,,Eddy,72.0,60.0,12.0,NEW MEXICO
10,,Guadalupe,6.0,5.0,1.0,NEW MEXICO
11,,Hidalgo,11.0,9.0,2.0,NEW MEXICO
12,,Lea,69.0,59.0,10.0,NEW MEXICO
13,,Lincoln,33.0,23.0,10.0,NEW MEXICO
14,,Luna,39.0,31.0,8.0,NEW MEXICO
15,,Mora,7.0,5.0,2.0,NEW MEXICO
16,,Otero,61.0,38.0,23.0,NEW MEXICO
17,,Quay,8.0,7.0,1.0,NEW MEXICO
18,,San Miguel,13.0,9.0,4.0,NEW MEXICO
19,,Sierra,16.0,14.0,2.0,NEW MEXICO
20,,Socorro,15.0,12.0,3.0,NEW MEXICO
21,,Taos,26.0,22.0,4.0,NEW MEXICO
22,,Union,7.0,5.0,2.0,NEW MEXICO
0,True,Alameda,1564.0,1003.0,561.0,CALIFORNIA
1,,Butte,269.0,94.0,175.0,CALIFORNIA
2,,Contra Costa,957.0,633.0,324.0,CALIFORNIA
3,,El Dorado,349.0,154.0,195.0,CALIFORNIA
4,,Fresno,1104.0,406.0,698.0,CALIFORNIA
5,,Imperial,286.0,190.0,96.0,CALIFORNIA
6,,Kern,1137.0,826.0,311.0,CALIFORNIA
7,,Kings,271.0,75.0,196.0,CALIFORNIA
8,,Los Angeles,16721.0,9316.0,7405.0,CALIFORNIA
9,,Madera,107.0,79.0,28.0,CALIFORNIA
10,,Marin,291.0,191.0,100.0,CALIFORNIA
11,,Merced,223.0,88.0,135.0,CALIFORNIA
12,,Monterey,416.0,295.0,121.0,CALIFORNIA
13,,Napa,139.0,100.0,39.0,CALIFORNIA
14,,Orange,3622.0,1745.0,1877.0,CALIFORNIA
15,,Placer,513.0,244.0,269.0,CALIFORNIA
16,,Riverside,3939.0,2003.0,1936.0,CALIFORNIA
17,,Sacramento,1923.0,1247.0,676.0,CALIFORNIA
18,,San Benito,54.0,26.0,28.0,CALIFORNIA
19,,San Bernardino,3059.0,1855.0,1204.0,CALIFORNIA
20,,San Diego,4254.0,2569.0,1685.0,CALIFORNIA
21,,San Francisco,1027.0,830.0,197.0,CALIFORNIA
22,,San Joaquin,699.0,274.0,425.0,CALIFORNIA
23,,San Luis Obispo,396.0,295.0,101.0,CALIFORNIA
24,,San Mateo,681.0,330.0,351.0,CALIFORNIA
25,,Santa Barbara,617.0,452.0,165.0,CALIFORNIA
26,,Santa Clara,1655.0,1257.0,398.0,CALIFORNIA
27,,Santa Cruz,332.0,142.0,190.0,CALIFORNIA
28,,Shasta,216.0,153.0,63.0,CALIFORNIA
29,,Solano,526.0,124.0,402.0,CALIFORNIA
30,,Sonoma,331.0,232.0,99.0,CALIFORNIA
31,,Stanislaus,611.0,456.0,155.0,CALIFORNIA
32,,Sutter,133.0,105.0,28.0,CALIFORNIA
33,,Tulare,747.0,531.0,216.0,CALIFORNIA
34,,Ventura,1247.0,756.0,491.0,CALIFORNIA
35,,Yolo,263.0,89.0,174.0,CALIFORNIA
36,,Yuba,162.0,118.0,44.0,CALIFORNIA
37,False,Alpine,17.0,13.0,4.0,CALIFORNIA
38,,Amador,86.0,45.0,41.0,CALIFORNIA
39,,Calaveras,101.0,49.0,52.0,CALIFORNIA
40,,Colusa,65.0,33.0,32.0,CALIFORNIA
41,,Del Norte,55.0,24.0,31.0,CALIFORNIA
42,,Glenn,55.0,22.0,33.0,CALIFORNIA
43,,Humboldt,235.0,182.0,53.0,CALIFORNIA
44,,Inyo,71.0,35.0,36.0,CALIFORNIA
45,,Lake,135.0,53.0,82.0,CALIFORNIA
46,,Lassen,81.0,59.0,22.0,CALIFORNIA
47,,Mariposa,71.0,56.0,15.0,CALIFORNIA
48,,Mendocino,165.0,123.0,42.0,CALIFORNIA
49,,Modoc,28.0,19.0,9.0,CALIFORNIA
50,,Mono,38.0,21.0,17.0,CALIFORNIA
51,,Nevada,155.0,63.0,92.0,CALIFORNIA
52,,Plumas,65.0,33.0,32.0,CALIFORNIA
53,,Sierra,17.0,11.0,6.0,CALIFORNIA
54,,Siskiyou,108.0,86.0,22.0,CALIFORNIA
55,,Tehama,113.0,79.0,34.0,CALIFORNIA
56,,Trinity,44.0,35.0,9.0,CALIFORNIA
57,,Tuolumne,126.0,62.0,64.0,CALIFORNIA
0,True,Benton,218.0,135.0,83.0,ARKANSAS
1,,Cleveland,12.0,7.0,5.0,ARKANSAS
2,,Craighead,121.0,45.0,76.0,ARKANSAS
3,,Crawford,70.0,33.0,37.0,ARKANSAS
4,,Crittenden,143.0,40.0,103.0,ARKANSAS
5,,Faulkner,164.0,47.0,117.0,ARKANSAS
6,,Garland,184.0,56.0,128.0,ARKANSAS
7,,Grant,17.0,14.0,3.0,ARKANSAS
8,,Jefferson,115.0,43.0,72.0,ARKANSAS
9,,Lincoln,21.0,9.0,12.0,ARKANSAS
10,,Little River,29.0,12.0,17.0,ARKANSAS
11,,Lonoke,67.0,31.0,36.0,ARKANSAS
12,,Madison,19.0,9.0,10.0,ARKANSAS
13,,Miller,68.0,24.0,44.0,ARKANSAS
14,,Perry,21.0,11.0,10.0,ARKANSAS
15,,Poinsett,37.0,10.0,27.0,ARKANSAS
16,,Pulaski,516.0,125.0,391.0,ARKANSAS
17,,Saline,93.0,48.0,45.0,ARKANSAS
18,,Sebastian,161.0,41.0,120.0,ARKANSAS
19,,Washington,274.0,150.0,124.0,ARKANSAS
20,False,Arkansas,50.0,11.0,39.0,ARKANSAS
21,,Ashley,36.0,17.0,19.0,ARKANSAS
22,,Baxter,52.0,32.0,20.0,ARKANSAS
23,,Boone,52.0,25.0,27.0,ARKANSAS
24,,Bradley,7.0,5.0,2.0,ARKANSAS
25,,Calhoun,12.0,6.0,6.0,ARKANSAS
26,,Carroll,23.0,20.0,3.0,ARKANSAS
27,,Chicot,11.0,7.0,4.0,ARKANSAS
28,,Clark,27.0,13.0,14.0,ARKANSAS
29,,Clay,26.0,10.0,16.0,ARKANSAS
30,,Cleburne,42.0,23.0,19.0,ARKANSAS
31,,Columbia,39.0,22.0,17.0,ARKANSAS
32,,Conway,41.0,18.0,23.0,ARKANSAS
33,,Cross,42.0,18.0,24.0,ARKANSAS
34,,Dallas,25.0,6.0,19.0,ARKANSAS
35,,Desha,7.0,6.0,1.0,ARKANSAS
36,,Drew,10.0,9.0,1.0,ARKANSAS
37,,Franklin,24.0,11.0,13.0,ARKANSAS
38,,Fulton,13.0,5.0,8.0,ARKANSAS
39,,Greene,30.0,22.0,8.0,ARKANSAS
40,,Hempstead,48.0,18.0,30.0,ARKANSAS
41,,Howard,24.0,11.0,13.0,ARKANSAS
42,,Independence,58.0,32.0,26.0,ARKANSAS
43,,Izard,35.0,19.0,16.0,ARKANSAS
44,,Jackson,38.0,15.0,23.0,ARKANSAS
45,,Johnson,45.0,16.0,29.0,ARKANSAS
46,,Lafayette,24.0,19.0,5.0,ARKANSAS
47,,Lawrence,24.0,11.0,13.0,ARKANSAS
48,,Lee,10.0,5.0,5.0,ARKANSAS
49,,Logan,30.0,13.0,17.0,ARKANSAS
50,,Marion,17.0,15.0,2.0,ARKANSAS
51,,Mississippi,94.0,39.0,55.0,ARKANSAS
52,,Monroe,16.0,6.0,10.0,ARKANSAS
53,,Montgomery,19.0,11.0,8.0,ARKANSAS
54,,Nevada,29.0,22.0,7.0,ARKANSAS
55,,Newton,17.0,7.0,10.0,ARKANSAS
56,,Ouachita,44.0,17.0,27.0,ARKANSAS
57,,Pike,22.0,8.0,14.0,ARKANSAS
58,,Polk,27.0,14.0,13.0,ARKANSAS
59,,Pope,83.0,33.0,50.0,ARKANSAS
60,,Prairie,21.0,7.0,14.0,ARKANSAS
61,,Randolph,11.0,10.0,1.0,ARKANSAS
62,,Scott,27.0,8.0,19.0,ARKANSAS
63,,Searcy,14.0,7.0,7.0,ARKANSAS
64,,Sevier,34.0,16.0,18.0,ARKANSAS
65,,Sharp,32.0,14.0,18.0,ARKANSAS
66,,St. Francis,37.0,17.0,20.0,ARKANSAS
67,,Stone,22.0,11.0,11.0,ARKANSAS
68,,Union,63.0,36.0,27.0,ARKANSAS
69,,Van Buren,38.0,20.0,18.0,ARKANSAS
70,,White,96.0,52.0,44.0,ARKANSAS
71,,Woodruff,14.0,5.0,9.0,ARKANSAS
0,True,Custer,12.0,11.0,1.0,SOUTH DAKOTA
1,,Lincoln,20.0,18.0,2.0,SOUTH DAKOTA
2,,McCook,8.0,7.0,1.0,SOUTH DAKOTA
3,,Meade,45.0,18.0,27.0,SOUTH DAKOTA
4,,Minnehaha,207.0,72.0,135.0,SOUTH DAKOTA
5,,Pennington,384.0,94.0,290.0,SOUTH DAKOTA
6,,Turner,10.0,8.0,2.0,SOUTH DAKOTA
7,,Union,28.0,8.0,20.0,SOUTH DAKOTA
8,False,Aurora,4.0,3.0,1.0,SOUTH DAKOTA
9,,Beadle,25.0,5.0,20.0,SOUTH DAKOTA
10,,Bennett,5.0,3.0,2.0,SOUTH DAKOTA
11,,Bon Homme,8.0,3.0,5.0,SOUTH DAKOTA
12,,Brookings,22.0,14.0,8.0,SOUTH DAKOTA
13,,Brown,59.0,16.0,43.0,SOUTH DAKOTA
14,,Brule,10.0,4.0,6.0,SOUTH DAKOTA
15,,Buffalo,1.0,1.0,0.0,SOUTH DAKOTA
16,,Butte,14.0,5.0,9.0,SOUTH DAKOTA
17,,Campbell,2.0,2.0,0.0,SOUTH DAKOTA
18,,Charles Mix,20.0,6.0,14.0,SOUTH DAKOTA
19,,Clark,3.0,3.0,0.0,SOUTH DAKOTA
20,,Clay,14.0,8.0,6.0,SOUTH DAKOTA
21,,Codington,28.0,10.0,18.0,SOUTH DAKOTA
22,,Corson,4.0,4.0,0.0,SOUTH DAKOTA
23,,Davison,10.0,7.0,3.0,SOUTH DAKOTA
24,,Day,5.0,3.0,2.0,SOUTH DAKOTA
25,,Deuel,6.0,5.0,1.0,SOUTH DAKOTA
26,,Dewey,4.0,3.0,1.0,SOUTH DAKOTA
27,,Douglas,4.0,4.0,0.0,SOUTH DAKOTA
28,,Edmunds,4.0,4.0,0.0,SOUTH DAKOTA
29,,Fall River,8.0,6.0,2.0,SOUTH DAKOTA
30,,Faulk,11.0,4.0,7.0,SOUTH DAKOTA
31,,Grant,8.0,4.0,4.0,SOUTH DAKOTA
32,,Gregory,4.0,3.0,1.0,SOUTH DAKOTA
33,,Hamlin,6.0,5.0,1.0,SOUTH DAKOTA
34,,Hand,3.0,2.0,1.0,SOUTH DAKOTA
35,,Hanson,4.0,3.0,1.0,SOUTH DAKOTA
36,,Harding,3.0,2.0,1.0,SOUTH DAKOTA
37,,Hughes,48.0,6.0,42.0,SOUTH DAKOTA
38,,Hutchinson,3.0,3.0,0.0,SOUTH DAKOTA
39,,Hyde,2.0,2.0,0.0,SOUTH DAKOTA
40,,Jackson,3.0,2.0,1.0,SOUTH DAKOTA
41,,Jerauld,5.0,4.0,1.0,SOUTH DAKOTA
42,,Jones,2.0,2.0,0.0,SOUTH DAKOTA
43,,Kingsbury,6.0,5.0,1.0,SOUTH DAKOTA
44,,Lake,13.0,7.0,6.0,SOUTH DAKOTA
45,,Lawrence,37.0,13.0,24.0,SOUTH DAKOTA
46,,Lyman,5.0,4.0,1.0,SOUTH DAKOTA
47,,Marshall,11.0,6.0,5.0,SOUTH DAKOTA
48,,McPherson,3.0,3.0,0.0,SOUTH DAKOTA
49,,Mellette,5.0,4.0,1.0,SOUTH DAKOTA
50,,Miner,4.0,3.0,1.0,SOUTH DAKOTA
51,,Moody,8.0,3.0,5.0,SOUTH DAKOTA
52,,Perkins,7.0,6.0,1.0,SOUTH DAKOTA
53,,Potter,3.0,2.0,1.0,SOUTH DAKOTA
54,,Roberts,34.0,5.0,29.0,SOUTH DAKOTA
55,,Sanborn,3.0,3.0,0.0,SOUTH DAKOTA
56,,Spink,13.0,8.0,5.0,SOUTH DAKOTA
57,,Stanley,6.0,5.0,1.0,SOUTH DAKOTA
58,,Sully,3.0,3.0,0.0,SOUTH DAKOTA
59,,Todd,1.0,1.0,0.0,SOUTH DAKOTA
60,,Tripp,4.0,3.0,1.0,SOUTH DAKOTA
61,,Walworth,13.0,5.0,8.0,SOUTH DAKOTA
62,,Yankton,32.0,12.0,20.0,SOUTH DAKOTA
63,,Ziebach,2.0,2.0,0.0,SOUTH DAKOTA
0,True,Adams,540.0,355.0,185.0,COLORADO
1,,Arapahoe,515.0,226.0,289.0,COLORADO
2,,Boulder,373.0,211.0,162.0,COLORADO
3,,Clear Creek,73.0,29.0,44.0,COLORADO
4,,Douglas,470.0,309.0,161.0,COLORADO
5,,Elbert,44.0,37.0,7.0,COLORADO
6,,El Paso,795.0,506.0,289.0,COLORADO
7,,Gilpin,57.0,40.0,17.0,COLORADO
8,,Jefferson,811.0,531.0,280.0,COLORADO
9,,Larimer,365.0,245.0,120.0,COLORADO
10,,Mesa,206.0,98.0,108.0,COLORADO
11,,Park,56.0,31.0,25.0,COLORADO
12,,Pueblo,347.0,92.0,255.0,COLORADO
13,,Teller,70.0,45.0,25.0,COLORADO
14,,Weld,351.0,144.0,207.0,COLORADO
15,False,Alamosa,44.0,27.0,17.0,COLORADO
16,,Archuleta,33.0,14.0,19.0,COLORADO
17,,Baca,12.0,4.0,8.0,COLORADO
18,,Bent,27.0,13.0,14.0,COLORADO
19,,Chaffee,54.0,20.0,34.0,COLORADO
20,,Cheyenne,9.0,5.0,4.0,COLORADO
21,,Conejos,30.0,10.0,20.0,COLORADO
22,,Costilla,9.0,6.0,3.0,COLORADO
23,,Crowley,13.0,6.0,7.0,COLORADO
24,,Custer,23.0,10.0,13.0,COLORADO
25,,Delta,65.0,34.0,31.0,COLORADO
26,,Dolores,8.0,5.0,3.0,COLORADO
27,,Eagle,74.0,42.0,32.0,COLORADO
28,,Fremont,115.0,52.0,63.0,COLORADO
29,,Garfield,136.0,53.0,83.0,COLORADO
30,,Grand,51.0,24.0,27.0,COLORADO
31,,Gunnison,31.0,13.0,18.0,COLORADO
32,,Hinsdale,5.0,4.0,1.0,COLORADO
33,,Huerfano,23.0,10.0,13.0,COLORADO
34,,Jackson,7.0,3.0,4.0,COLORADO
35,,Kiowa,6.0,5.0,1.0,COLORADO
36,,Kit Carson,31.0,7.0,24.0,COLORADO
37,,Lake,27.0,12.0,15.0,COLORADO
38,,La Plata,129.0,103.0,26.0,COLORADO
39,,Las Animas,31.0,13.0,18.0,COLORADO
40,,Lincoln,22.0,21.0,1.0,COLORADO
41,,Logan,52.0,19.0,33.0,COLORADO
42,,Mineral,6.0,4.0,2.0,COLORADO
43,,Moffat,37.0,34.0,3.0,COLORADO
44,,Montezuma,70.0,29.0,41.0,COLORADO
45,,Montrose,98.0,44.0,54.0,COLORADO
46,,Morgan,51.0,17.0,34.0,COLORADO
47,,Otero,23.0,20.0,3.0,COLORADO
48,,Ouray,7.0,7.0,0.0,COLORADO
49,,Phillips,4.0,4.0,0.0,COLORADO
50,,Pitkin,58.0,23.0,35.0,COLORADO
51,,Prowers,30.0,10.0,20.0,COLORADO
52,,Rio Blanco,27.0,11.0,16.0,COLORADO
53,,Rio Grande,34.0,14.0,20.0,COLORADO
54,,Routt,49.0,40.0,9.0,COLORADO
55,,Saguache,19.0,8.0,11.0,COLORADO
56,,San Juan,3.0,3.0,0.0,COLORADO
57,,San Miguel,36.0,16.0,20.0,COLORADO
58,,Sedgwick,7.0,6.0,1.0,COLORADO
59,,Summit,59.0,50.0,9.0,COLORADO
60,,Washington,45.0,9.0,36.0,COLORADO
61,,Yuma,24.0,9.0,15.0,COLORADO
0,True,Andrew,28.0,15.0,13.0,MISSOURI
1,,Bates,43.0,19.0,24.0,MISSOURI
2,,Bollinger,16.0,11.0,5.0,MISSOURI
3,,Boone,75.0,58.0,17.0,MISSOURI
4,,Buchanan,108.0,77.0,31.0,MISSOURI
5,,Caldwell,13.0,6.0,7.0,MISSOURI
6,,Callaway,26.0,23.0,3.0,MISSOURI
7,,Cape Girardeau,82.0,42.0,40.0,MISSOURI
8,,Cass,86.0,68.0,18.0,MISSOURI
9,,Christian,82.0,46.0,36.0,MISSOURI
10,,Clay,197.0,124.0,73.0,MISSOURI
11,,Clinton,21.0,17.0,4.0,MISSOURI
12,,Cole,84.0,52.0,32.0,MISSOURI
13,,Dallas,22.0,16.0,6.0,MISSOURI
14,,DeKalb,11.0,6.0,5.0,MISSOURI
15,,Franklin,136.0,109.0,27.0,MISSOURI
16,,Greene,334.0,129.0,205.0,MISSOURI
17,,Jackson,128.0,93.0,35.0,MISSOURI
18,,Jasper,134.0,86.0,48.0,MISSOURI
19,,Jefferson,221.0,150.0,71.0,MISSOURI
20,,Lafayette,52.0,43.0,9.0,MISSOURI
21,,Lincoln,108.0,50.0,58.0,MISSOURI
22,,McDonald,30.0,24.0,6.0,MISSOURI
23,,Moniteau,12.0,7.0,5.0,MISSOURI
24,,Newton,68.0,35.0,33.0,MISSOURI
25,,Osage,12.0,9.0,3.0,MISSOURI
26,,Platte,127.0,83.0,44.0,MISSOURI
27,,Polk,30.0,17.0,13.0,MISSOURI
28,,St. Charles,46.0,32.0,14.0,MISSOURI
29,,St. Charles County Police Department,167.0,130.0,37.0,MISSOURI
30,,St. Louis County Police Department,1160.0,880.0,280.0,MISSOURI
31,,Warren,60.0,36.0,24.0,MISSOURI
32,,Webster,34.0,18.0,16.0,MISSOURI
33,False,Adair,27.0,12.0,15.0,MISSOURI
34,,Atchison,10.0,5.0,5.0,MISSOURI
35,,Audrain,45.0,35.0,10.0,MISSOURI
36,,Barry,38.0,25.0,13.0,MISSOURI
37,,Benton,26.0,18.0,8.0,MISSOURI
38,,Butler,43.0,20.0,23.0,MISSOURI
39,,Camden,97.0,58.0,39.0,MISSOURI
40,,Carroll,8.0,7.0,1.0,MISSOURI
41,,Carter,14.0,9.0,5.0,MISSOURI
42,,Cedar,30.0,11.0,19.0,MISSOURI
43,,Chariton,15.0,9.0,6.0,MISSOURI
44,,Clark,11.0,4.0,7.0,MISSOURI
45,,Cooper,10.0,9.0,1.0,MISSOURI
46,,Crawford,37.0,23.0,14.0,MISSOURI
47,,Daviess,7.0,6.0,1.0,MISSOURI
48,,Dent,19.0,12.0,7.0,MISSOURI
49,,Douglas,11.0,6.0,5.0,MISSOURI
50,,Dunklin,20.0,12.0,8.0,MISSOURI
51,,Gasconade,10.0,9.0,1.0,MISSOURI
52,,Gentry,5.0,5.0,0.0,MISSOURI
53,,Grundy,16.0,6.0,10.0,MISSOURI
54,,Henry,41.0,26.0,15.0,MISSOURI
55,,Hickory,14.0,8.0,6.0,MISSOURI
56,,Holt,10.0,5.0,5.0,MISSOURI
57,,Howard,13.0,9.0,4.0,MISSOURI
58,,Howell,37.0,28.0,9.0,MISSOURI
59,,Iron,17.0,12.0,5.0,MISSOURI
60,,Johnson,57.0,31.0,26.0,MISSOURI
61,,Knox,4.0,3.0,1.0,MISSOURI
62,,Laclede,30.0,23.0,7.0,MISSOURI
63,,Lawrence,34.0,26.0,8.0,MISSOURI
64,,Lewis,12.0,6.0,6.0,MISSOURI
65,,Linn,7.0,6.0,1.0,MISSOURI
66,,Livingston,10.0,9.0,1.0,MISSOURI
67,,Macon,18.0,12.0,6.0,MISSOURI
68,,Maries,13.0,10.0,3.0,MISSOURI
69,,Marion,40.0,16.0,24.0,MISSOURI
70,,Mercer,9.0,3.0,6.0,MISSOURI
71,,Miller,18.0,15.0,3.0,MISSOURI
72,,Monroe,9.0,8.0,1.0,MISSOURI
73,,Montgomery,19.0,17.0,2.0,MISSOURI
74,,Morgan,43.0,27.0,16.0,MISSOURI
75,,New Madrid,16.0,13.0,3.0,MISSOURI
76,,Nodaway,15.0,13.0,2.0,MISSOURI
77,,Oregon,11.0,7.0,4.0,MISSOURI
78,,Ozark,14.0,9.0,5.0,MISSOURI
79,,Pemiscot,43.0,18.0,25.0,MISSOURI
80,,Perry,38.0,26.0,12.0,MISSOURI
81,,Pettis,50.0,25.0,25.0,MISSOURI
82,,Phelps,65.0,24.0,41.0,MISSOURI
83,,Pike,22.0,8.0,14.0,MISSOURI
84,,Pulaski,34.0,21.0,13.0,MISSOURI
85,,Ralls,10.0,9.0,1.0,MISSOURI
86,,Randolph,44.0,25.0,19.0,MISSOURI
87,,Reynolds,10.0,9.0,1.0,MISSOURI
88,,Ripley,10.0,9.0,1.0,MISSOURI
89,,Saline,37.0,23.0,14.0,MISSOURI
90,,Schuyler,7.0,4.0,3.0,MISSOURI
91,,Scotland,6.0,2.0,4.0,MISSOURI
92,,Scott,50.0,24.0,26.0,MISSOURI
93,,Shannon,8.0,4.0,4.0,MISSOURI
94,,Shelby,10.0,5.0,5.0,MISSOURI
95,,St. Clair,73.0,21.0,52.0,MISSOURI
96,,Ste. Genevieve,64.0,45.0,19.0,MISSOURI
97,,St. Francois,69.0,56.0,13.0,MISSOURI
98,,Stoddard,28.0,12.0,16.0,MISSOURI
99,,Stone,58.0,48.0,10.0,MISSOURI
100,,Sullivan,5.0,4.0,1.0,MISSOURI
101,,Taney,54.0,38.0,16.0,MISSOURI
102,,Texas,12.0,11.0,1.0,MISSOURI
103,,Vernon,35.0,20.0,15.0,MISSOURI
104,,Washington,35.0,22.0,13.0,MISSOURI
105,,Wayne,17.0,7.0,10.0,MISSOURI
106,,Worth,4.0,3.0,1.0,MISSOURI
107,,Wright,13.0,6.0,7.0,MISSOURI
0,True,New Castle County Police Department,483.0,367.0,116.0,DELAWARE
0,True,Benton,31.0,12.0,19.0,IOWA
1,,Black Hawk,137.0,95.0,42.0,IOWA
2,,Bremer,32.0,12.0,20.0,IOWA
3,,Dallas,58.0,24.0,34.0,IOWA
4,,Dubuque,87.0,72.0,15.0,IOWA
5,,Grundy,16.0,12.0,4.0,IOWA
6,,Guthrie,14.0,9.0,5.0,IOWA
7,,Harrison,11.0,10.0,1.0,IOWA
8,,Johnson,90.0,68.0,22.0,IOWA
9,,Jones,24.0,10.0,14.0,IOWA
10,,Linn,188.0,121.0,67.0,IOWA
11,,Madison,16.0,8.0,8.0,IOWA
12,,Mills,27.0,11.0,16.0,IOWA
13,,Plymouth,31.0,11.0,20.0,IOWA
14,,Polk,459.0,127.0,332.0,IOWA
15,,Pottawattamie,200.0,54.0,146.0,IOWA
16,,Scott,153.0,43.0,110.0,IOWA
17,,Story,85.0,31.0,54.0,IOWA
18,,Warren,36.0,20.0,16.0,IOWA
19,,Washington,36.0,17.0,19.0,IOWA
20,,Woodbury,129.0,38.0,91.0,IOWA
21,False,Adair,13.0,5.0,8.0,IOWA
22,,Adams,11.0,6.0,5.0,IOWA
23,,Allamakee,17.0,9.0,8.0,IOWA
24,,Appanoose,15.0,7.0,8.0,IOWA
25,,Audubon,10.0,6.0,4.0,IOWA
26,,Boone,29.0,11.0,18.0,IOWA
27,,Buchanan,28.0,13.0,15.0,IOWA
28,,Buena Vista,34.0,13.0,21.0,IOWA
29,,Butler,18.0,12.0,6.0,IOWA
30,,Calhoun,11.0,6.0,5.0,IOWA
31,,Carroll,22.0,9.0,13.0,IOWA
32,,Cass,12.0,9.0,3.0,IOWA
33,,Cedar,36.0,13.0,23.0,IOWA
34,,Cerro Gordo,73.0,20.0,53.0,IOWA
35,,Cherokee,20.0,7.0,13.0,IOWA
36,,Chickasaw,15.0,8.0,7.0,IOWA
37,,Clarke,20.0,7.0,13.0,IOWA
38,,Clay,23.0,10.0,13.0,IOWA
39,,Clayton,26.0,12.0,14.0,IOWA
40,,Clinton,43.0,25.0,18.0,IOWA
41,,Crawford,15.0,10.0,5.0,IOWA
42,,Davis,6.0,5.0,1.0,IOWA
43,,Decatur,17.0,6.0,11.0,IOWA
44,,Delaware,20.0,13.0,7.0,IOWA
45,,Des Moines,47.0,20.0,27.0,IOWA
46,,Dickinson,19.0,9.0,10.0,IOWA
47,,Emmet,18.0,9.0,9.0,IOWA
48,,Fayette,37.0,12.0,25.0,IOWA
49,,Floyd,18.0,11.0,7.0,IOWA
50,,Franklin,10.0,7.0,3.0,IOWA
51,,Fremont,26.0,9.0,17.0,IOWA
52,,Greene,16.0,7.0,9.0,IOWA
53,,Hamilton,26.0,10.0,16.0,IOWA
54,,Hancock,11.0,11.0,0.0,IOWA
55,,Hardin,31.0,11.0,20.0,IOWA
56,,Henry,30.0,11.0,19.0,IOWA
57,,Howard,16.0,9.0,7.0,IOWA
58,,Humboldt,15.0,9.0,6.0,IOWA
59,,Ida,17.0,10.0,7.0,IOWA
60,,Iowa,28.0,12.0,16.0,IOWA
61,,Jackson,17.0,10.0,7.0,IOWA
62,,Jasper,46.0,17.0,29.0,IOWA
63,,Jefferson,29.0,27.0,2.0,IOWA
64,,Keokuk,11.0,6.0,5.0,IOWA
65,,Kossuth,25.0,10.0,15.0,IOWA
66,,Lee,35.0,15.0,20.0,IOWA
67,,Louisa,28.0,11.0,17.0,IOWA
68,,Lucas,12.0,5.0,7.0,IOWA
69,,Lyon,26.0,12.0,14.0,IOWA
70,,Mahaska,23.0,9.0,14.0,IOWA
71,,Marion,36.0,15.0,21.0,IOWA
72,,Marshall,55.0,19.0,36.0,IOWA
73,,Mitchell,16.0,7.0,9.0,IOWA
74,,Monona,18.0,8.0,10.0,IOWA
75,,Monroe,14.0,5.0,9.0,IOWA
76,,Montgomery,19.0,8.0,11.0,IOWA
77,,Muscatine,70.0,21.0,49.0,IOWA
78,,O'Brien,28.0,9.0,19.0,IOWA
79,,Osceola,13.0,9.0,4.0,IOWA
80,,Page,16.0,8.0,8.0,IOWA
81,,Palo Alto,17.0,8.0,9.0,IOWA
82,,Pocahontas,15.0,7.0,8.0,IOWA
83,,Ringgold,12.0,6.0,6.0,IOWA
84,,Sac,19.0,8.0,11.0,IOWA
85,,Shelby,15.0,9.0,6.0,IOWA
86,,Sioux,40.0,14.0,26.0,IOWA
87,,Tama,22.0,13.0,9.0,IOWA
88,,Taylor,13.0,9.0,4.0,IOWA
89,,Union,12.0,6.0,6.0,IOWA
90,,Van Buren,11.0,5.0,6.0,IOWA
91,,Wapello,44.0,12.0,32.0,IOWA
92,,Wayne,15.0,6.0,9.0,IOWA
93,,Webster,32.0,16.0,16.0,IOWA
94,,Winneshiek,23.0,10.0,13.0,IOWA
95,,Worth,25.0,13.0,12.0,IOWA
96,,Wright,20.0,9.0,11.0,IOWA
0,True,Aransas,72.0,26.0,46.0,TEXAS
1,,Archer,20.0,9.0,11.0,TEXAS
2,,Armstrong,8.0,4.0,4.0,TEXAS
3,,Austin,71.0,43.0,28.0,TEXAS
4,,Bandera,64.0,27.0,37.0,TEXAS
5,,Bastrop,211.0,76.0,135.0,TEXAS
6,,Bell,309.0,104.0,205.0,TEXAS
7,,Bowie,42.0,35.0,7.0,TEXAS
8,,Brazoria,341.0,129.0,212.0,TEXAS
9,,Brazos,227.0,99.0,128.0,TEXAS
10,,Burleson,43.0,17.0,26.0,TEXAS
11,,Caldwell,96.0,32.0,64.0,TEXAS
12,,Callahan,12.0,5.0,7.0,TEXAS
13,,Cameron,501.0,114.0,387.0,TEXAS
14,,Clay,23.0,12.0,11.0,TEXAS
15,,Collin,470.0,156.0,314.0,TEXAS
16,,Comal,283.0,151.0,132.0,TEXAS
17,,Coryell,75.0,33.0,42.0,TEXAS
18,,Crosby,14.0,5.0,9.0,TEXAS
19,,Dallas,2243.0,423.0,1820.0,TEXAS
20,,Ector,229.0,80.0,149.0,TEXAS
21,,Ellis,220.0,80.0,140.0,TEXAS
22,,El Paso,1012.0,253.0,759.0,TEXAS
23,,Falls,26.0,7.0,19.0,TEXAS
24,,Fort Bend,800.0,549.0,251.0,TEXAS
25,,Goliad,29.0,14.0,15.0,TEXAS
26,,Grayson,160.0,65.0,95.0,TEXAS
27,,Gregg,256.0,106.0,150.0,TEXAS
28,,Hardin,67.0,29.0,38.0,TEXAS
29,,Hays,301.0,144.0,157.0,TEXAS
30,,Hidalgo,773.0,280.0,493.0,TEXAS
31,,Hood,138.0,53.0,85.0,TEXAS
32,,Hudspeth,41.0,14.0,27.0,TEXAS
33,,Hunt,139.0,46.0,93.0,TEXAS
34,,Irion,12.0,5.0,7.0,TEXAS
35,,Jefferson,435.0,169.0,266.0,TEXAS
36,,Johnson,146.0,93.0,53.0,TEXAS
37,,Kaufman,232.0,82.0,150.0,TEXAS
38,,Kendall,81.0,48.0,33.0,TEXAS
39,,Lampasas,37.0,17.0,20.0,TEXAS
40,,Liberty,75.0,52.0,23.0,TEXAS
41,,Lubbock,499.0,212.0,287.0,TEXAS
42,,McLennan,378.0,97.0,281.0,TEXAS
43,,Medina,71.0,33.0,38.0,TEXAS
44,,Midland,198.0,77.0,121.0,TEXAS
45,,Montgomery,789.0,461.0,328.0,TEXAS
46,,Newton,21.0,11.0,10.0,TEXAS
47,,Nueces,298.0,53.0,245.0,TEXAS
48,,Oldham,11.0,6.0,5.0,TEXAS
49,,Orange,131.0,63.0,68.0,TEXAS
50,,Parker,126.0,89.0,37.0,TEXAS
51,,Potter,219.0,98.0,121.0,TEXAS
52,,Randall,196.0,88.0,108.0,TEXAS
53,,Robertson,31.0,13.0,18.0,TEXAS
54,,Rockwall,108.0,34.0,74.0,TEXAS
55,,Rusk,78.0,41.0,37.0,TEXAS
56,,San Patricio,115.0,54.0,61.0,TEXAS
57,,Smith,369.0,172.0,197.0,TEXAS
58,,Tarrant,1337.0,371.0,966.0,TEXAS
59,,Taylor,233.0,83.0,150.0,TEXAS
60,,Tom Green,163.0,61.0,102.0,TEXAS
61,,Travis,1630.0,345.0,1285.0,TEXAS
62,,Victoria,204.0,114.0,90.0,TEXAS
63,,Waller,86.0,61.0,25.0,TEXAS
64,,Webb,331.0,267.0,64.0,TEXAS
65,,Wichita,211.0,82.0,129.0,TEXAS
66,,Williamson,510.0,224.0,286.0,TEXAS
67,,Wilson,79.0,33.0,46.0,TEXAS
68,,Wise,142.0,64.0,78.0,TEXAS
69,False,Anderson,74.0,36.0,38.0,TEXAS
70,,Andrews,36.0,14.0,22.0,TEXAS
71,,Angelina,112.0,49.0,63.0,TEXAS
72,,Baylor,8.0,3.0,5.0,TEXAS
73,,Bee,51.0,21.0,30.0,TEXAS
74,,Blanco,30.0,12.0,18.0,TEXAS
75,,Borden,3.0,2.0,1.0,TEXAS
76,,Bosque,41.0,20.0,21.0,TEXAS
77,,Brewster,15.0,14.0,1.0,TEXAS
78,,Briscoe,3.0,3.0,0.0,TEXAS
79,,Brooks,35.0,11.0,24.0,TEXAS
80,,Brown,68.0,29.0,39.0,TEXAS
81,,Burnet,132.0,45.0,87.0,TEXAS
82,,Calhoun,62.0,25.0,37.0,TEXAS
83,,Camp,18.0,7.0,11.0,TEXAS
84,,Cass,36.0,21.0,15.0,TEXAS
85,,Castro,19.0,6.0,13.0,TEXAS
86,,Cherokee,73.0,34.0,39.0,TEXAS
87,,Childress,21.0,5.0,16.0,TEXAS
88,,Cochran,12.0,6.0,6.0,TEXAS
89,,Coke,6.0,5.0,1.0,TEXAS
90,,Comanche,31.0,11.0,20.0,TEXAS
91,,Concho,12.0,7.0,5.0,TEXAS
92,,Crane,11.0,6.0,5.0,TEXAS
93,,Dawson,19.0,7.0,12.0,TEXAS
94,,Delta,23.0,11.0,12.0,TEXAS
95,,Dickens,7.0,3.0,4.0,TEXAS
96,,Dimmit,70.0,31.0,39.0,TEXAS
97,,Duval,46.0,26.0,20.0,TEXAS
98,,Eastland,31.0,12.0,19.0,TEXAS
99,,Edwards,12.0,6.0,6.0,TEXAS
100,,Erath,60.0,21.0,39.0,TEXAS
101,,Fayette,49.0,26.0,23.0,TEXAS
102,,Floyd,11.0,7.0,4.0,TEXAS
103,,Foard,4.0,3.0,1.0,TEXAS
104,,Franklin,25.0,11.0,14.0,TEXAS
105,,Frio,40.0,19.0,21.0,TEXAS
106,,Gaines,37.0,16.0,21.0,TEXAS
107,,Garza,35.0,8.0,27.0,TEXAS
108,,Glasscock,5.0,4.0,1.0,TEXAS
109,,Gonzales,55.0,20.0,35.0,TEXAS
110,,Gray,43.0,13.0,30.0,TEXAS
111,,Grimes,56.0,31.0,25.0,TEXAS
112,,Hale,69.0,69.0,0.0,TEXAS
113,,Hamilton,14.0,7.0,7.0,TEXAS
114,,Hansford,13.0,7.0,6.0,TEXAS
115,,Hardeman,11.0,7.0,4.0,TEXAS
116,,Hartley,5.0,5.0,0.0,TEXAS
117,,Haskell,12.0,4.0,8.0,TEXAS
118,,Hemphill,14.0,7.0,7.0,TEXAS
119,,Hill,68.0,33.0,35.0,TEXAS
120,,Hockley,26.0,11.0,15.0,TEXAS
121,,Hopkins,65.0,25.0,40.0,TEXAS
122,,Houston,48.0,21.0,27.0,TEXAS
123,,Howard,57.0,21.0,36.0,TEXAS
124,,Hutchinson,33.0,13.0,20.0,TEXAS
125,,Jack,29.0,11.0,18.0,TEXAS
126,,Jackson,34.0,12.0,22.0,TEXAS
127,,Jasper,66.0,18.0,48.0,TEXAS
128,,Jim Wells,70.0,64.0,6.0,TEXAS
129,,Karnes,66.0,32.0,34.0,TEXAS
130,,Kenedy,18.0,11.0,7.0,TEXAS
131,,Kent,7.0,3.0,4.0,TEXAS
132,,Kerr,94.0,45.0,49.0,TEXAS
133,,Kimble,13.0,8.0,5.0,TEXAS
134,,Kinney,15.0,7.0,8.0,TEXAS
135,,Knox,9.0,3.0,6.0,TEXAS
136,,Lamar,76.0,27.0,49.0,TEXAS
137,,Lamb,32.0,13.0,19.0,TEXAS
138,,La Salle,139.0,25.0,114.0,TEXAS
139,,Lavaca,34.0,15.0,19.0,TEXAS
140,,Lee,42.0,14.0,28.0,TEXAS
141,,Leon,46.0,28.0,18.0,TEXAS
142,,Limestone,89.0,23.0,66.0,TEXAS
143,,Lipscomb,10.0,6.0,4.0,TEXAS
144,,Llano,50.0,26.0,24.0,TEXAS
145,,Madison,31.0,13.0,18.0,TEXAS
146,,Marion,12.0,11.0,1.0,TEXAS
147,,Matagorda,74.0,38.0,36.0,TEXAS
148,,Maverick,95.0,39.0,56.0,TEXAS
149,,McCulloch,13.0,6.0,7.0,TEXAS
150,,McMullen,12.0,10.0,2.0,TEXAS
151,,Milam,60.0,19.0,41.0,TEXAS
152,,Mills,18.0,7.0,11.0,TEXAS
153,,Mitchell,20.0,5.0,15.0,TEXAS
154,,Montague,29.0,8.0,21.0,TEXAS
155,,Moore,49.0,17.0,32.0,TEXAS
156,,Morris,22.0,9.0,13.0,TEXAS
157,,Motley,2.0,2.0,0.0,TEXAS
158,,Nacogdoches,86.0,40.0,46.0,TEXAS
159,,Nolan,36.0,12.0,24.0,TEXAS
160,,Ochiltree,20.0,8.0,12.0,TEXAS
161,,Panola,61.0,39.0,22.0,TEXAS
162,,Parmer,18.0,6.0,12.0,TEXAS
163,,Pecos,37.0,22.0,15.0,TEXAS
164,,Polk,107.0,48.0,59.0,TEXAS
165,,Presidio,27.0,8.0,19.0,TEXAS
166,,Rains,27.0,11.0,16.0,TEXAS
167,,Reagan,22.0,14.0,8.0,TEXAS
168,,Real,10.0,5.0,5.0,TEXAS
169,,Red River,25.0,13.0,12.0,TEXAS
170,,Reeves,49.0,21.0,28.0,TEXAS
171,,Refugio,36.0,13.0,23.0,TEXAS
172,,Roberts,6.0,5.0,1.0,TEXAS
173,,Runnels,26.0,6.0,20.0,TEXAS
174,,Sabine,19.0,9.0,10.0,TEXAS
175,,San Augustine,19.0,8.0,11.0,TEXAS
176,,San Jacinto,66.0,36.0,30.0,TEXAS
177,,San Saba,10.0,5.0,5.0,TEXAS
178,,Schleicher,11.0,5.0,6.0,TEXAS
179,,Scurry,38.0,9.0,29.0,TEXAS
180,,Shackelford,12.0,4.0,8.0,TEXAS
181,,Starr,108.0,48.0,60.0,TEXAS
182,,Stephens,20.0,7.0,13.0,TEXAS
183,,Sterling,4.0,4.0,0.0,TEXAS
184,,Stonewall,9.0,3.0,6.0,TEXAS
185,,Swisher,10.0,4.0,6.0,TEXAS
186,,Terry,37.0,12.0,25.0,TEXAS
187,,Trinity,17.0,11.0,6.0,TEXAS
188,,Upton,20.0,10.0,10.0,TEXAS
189,,Uvalde,69.0,32.0,37.0,TEXAS
190,,Val Verde,65.0,44.0,21.0,TEXAS
191,,Van Zandt,71.0,30.0,41.0,TEXAS
192,,Walker,83.0,40.0,43.0,TEXAS
193,,Ward,33.0,14.0,19.0,TEXAS
194,,Wharton,75.0,44.0,31.0,TEXAS
195,,Wheeler,22.0,10.0,12.0,TEXAS
196,,Wilbarger,18.0,7.0,11.0,TEXAS
197,,Willacy,45.0,16.0,29.0,TEXAS
198,,Winkler,30.0,9.0,21.0,TEXAS
199,,Wood,60.0,24.0,36.0,TEXAS
200,,Yoakum,21.0,9.0,12.0,TEXAS
201,,Young,36.0,11.0,25.0,TEXAS
0,True,Acadia,101.0,68.0,33.0,LOUISIANA
1,,Ascension,324.0,270.0,54.0,LOUISIANA
2,,Bossier,403.0,328.0,75.0,LOUISIANA
3,,Caddo,684.0,418.0,266.0,LOUISIANA
4,,Calcasieu,880.0,648.0,232.0,LOUISIANA
5,,Cameron,79.0,69.0,10.0,LOUISIANA
6,,De Soto,30.0,24.0,6.0,LOUISIANA
7,,East Baton Rouge,852.0,739.0,113.0,LOUISIANA
8,,East Feliciana,54.0,54.0,0.0,LOUISIANA
9,,Grant,75.0,33.0,42.0,LOUISIANA
10,,Iberia,271.0,188.0,83.0,LOUISIANA
11,,Iberville,145.0,95.0,50.0,LOUISIANA
12,,Jefferson,1432.0,627.0,805.0,LOUISIANA
13,,Lafayette,796.0,569.0,227.0,LOUISIANA
14,,Lafourche,350.0,267.0,83.0,LOUISIANA
15,,Livingston,280.0,280.0,0.0,LOUISIANA
16,,Ouachita,401.0,401.0,0.0,LOUISIANA
17,,Plaquemines,209.0,209.0,0.0,LOUISIANA
18,,Pointe Coupee,98.0,46.0,52.0,LOUISIANA
19,,Rapides,508.0,414.0,94.0,LOUISIANA
20,,St. Bernard,266.0,244.0,22.0,LOUISIANA
21,,St. Charles,394.0,276.0,118.0,LOUISIANA
22,,St. Helena,45.0,31.0,14.0,LOUISIANA
23,,St. James,99.0,60.0,39.0,LOUISIANA
24,,St. John the Baptist,239.0,237.0,2.0,LOUISIANA
25,,St. Martin,182.0,113.0,69.0,LOUISIANA
26,,St. Tammany,749.0,418.0,331.0,LOUISIANA
27,,Tangipahoa,238.0,119.0,119.0,LOUISIANA
28,,Terrebonne,306.0,306.0,0.0,LOUISIANA
29,,Union,50.0,35.0,15.0,LOUISIANA
30,,Vermilion,128.0,103.0,25.0,LOUISIANA
31,,Webster,60.0,38.0,22.0,LOUISIANA
32,,West Baton Rouge,196.0,150.0,46.0,LOUISIANA
33,,West Feliciana,69.0,69.0,0.0,LOUISIANA
34,False,Allen,64.0,26.0,38.0,LOUISIANA
35,,Assumption,80.0,52.0,28.0,LOUISIANA
36,,Avoyelles,273.0,217.0,56.0,LOUISIANA
37,,Beauregard,87.0,69.0,18.0,LOUISIANA
38,,Bienville,70.0,42.0,28.0,LOUISIANA
39,,Caldwell,30.0,30.0,0.0,LOUISIANA
40,,Catahoula,115.0,22.0,93.0,LOUISIANA
41,,Claiborne,92.0,41.0,51.0,LOUISIANA
42,,Concordia,261.0,27.0,234.0,LOUISIANA
43,,East Carroll,46.0,16.0,30.0,LOUISIANA
44,,Evangeline,28.0,14.0,14.0,LOUISIANA
45,,Franklin,98.0,98.0,0.0,LOUISIANA
46,,Jackson,178.0,42.0,136.0,LOUISIANA
47,,Jefferson Davis,75.0,75.0,0.0,LOUISIANA
48,,La Salle,135.0,30.0,105.0,LOUISIANA
49,,Lincoln,76.0,60.0,16.0,LOUISIANA
50,,Madison,34.0,34.0,0.0,LOUISIANA
51,,Morehouse,144.0,48.0,96.0,LOUISIANA
52,,Natchitoches,180.0,75.0,105.0,LOUISIANA
53,,Red River,59.0,32.0,27.0,LOUISIANA
54,,Richland,133.0,117.0,16.0,LOUISIANA
55,,Sabine,89.0,60.0,29.0,LOUISIANA
56,,St. Landry,200.0,147.0,53.0,LOUISIANA
57,,St. Mary,102.0,102.0,0.0,LOUISIANA
58,,Tensas,36.0,19.0,17.0,LOUISIANA
59,,Vernon,164.0,62.0,102.0,LOUISIANA
60,,Washington,84.0,71.0,13.0,LOUISIANA
61,,West Carroll,21.0,10.0,11.0,LOUISIANA
62,,Winn,29.0,17.0,12.0,LOUISIANA
0,True,Cook,6106.0,1800.0,4306.0,ILLINOIS
1,,Ford,25.0,23.0,2.0,ILLINOIS
2,,Grundy,49.0,31.0,18.0,ILLINOIS
3,,Henry,63.0,22.0,41.0,ILLINOIS
4,,Jackson,87.0,28.0,59.0,ILLINOIS
5,,Kane,268.0,76.0,192.0,ILLINOIS
6,,Kankakee,172.0,46.0,126.0,ILLINOIS
7,,Kendall,108.0,52.0,56.0,ILLINOIS
8,,Macoupin,43.0,20.0,23.0,ILLINOIS
9,,Madison,161.0,81.0,80.0,ILLINOIS
10,,Marshall,24.0,8.0,16.0,ILLINOIS
11,,McHenry,345.0,88.0,257.0,ILLINOIS
12,,McLean,134.0,50.0,84.0,ILLINOIS
13,,Monroe,34.0,16.0,18.0,ILLINOIS
14,,Sangamon,199.0,64.0,135.0,ILLINOIS
15,,Williamson,82.0,27.0,55.0,ILLINOIS
16,False,Brown,7.0,7.0,0.0,ILLINOIS
17,,Clay,16.0,10.0,6.0,ILLINOIS
18,,Cumberland,14.0,5.0,9.0,ILLINOIS
19,,Douglas,20.0,10.0,10.0,ILLINOIS
20,,Effingham,46.0,19.0,27.0,ILLINOIS
21,,Fulton,39.0,20.0,19.0,ILLINOIS
22,,Hancock,19.0,8.0,11.0,ILLINOIS
23,,Iroquois,24.0,13.0,11.0,ILLINOIS
24,,Jefferson,53.0,19.0,34.0,ILLINOIS
25,,Jo Daviess,37.0,18.0,19.0,ILLINOIS
26,,Livingston,69.0,28.0,41.0,ILLINOIS
27,,Logan,27.0,19.0,8.0,ILLINOIS
28,,McDonough,25.0,13.0,12.0,ILLINOIS
29,,Morgan,32.0,14.0,18.0,ILLINOIS
30,,Ogle,77.0,28.0,49.0,ILLINOIS
31,,Perry,32.0,12.0,20.0,ILLINOIS
32,,Putnam,13.0,8.0,5.0,ILLINOIS
33,,Saline,46.0,12.0,34.0,ILLINOIS
34,,Scott,5.0,2.0,3.0,ILLINOIS
35,,Whiteside,48.0,20.0,28.0,ILLINOIS
0,True,Berkeley,68.0,60.0,8.0,WEST VIRGINIA
1,,Boone,29.0,24.0,5.0,WEST VIRGINIA
2,,Brooke,27.0,17.0,10.0,WEST VIRGINIA
3,,Cabell,63.0,43.0,20.0,WEST VIRGINIA
4,,Clay,8.0,3.0,5.0,WEST VIRGINIA
5,,Fayette,38.0,34.0,4.0,WEST VIRGINIA
6,,Hampshire,23.0,19.0,4.0,WEST VIRGINIA
7,,Hancock,32.0,29.0,3.0,WEST VIRGINIA
8,,Jefferson,33.0,27.0,6.0,WEST VIRGINIA
9,,Kanawha,135.0,100.0,35.0,WEST VIRGINIA
10,,Lincoln,7.0,6.0,1.0,WEST VIRGINIA
11,,Marshall,35.0,32.0,3.0,WEST VIRGINIA
12,,Mineral,16.0,14.0,2.0,WEST VIRGINIA
13,,Monongalia,42.0,39.0,3.0,WEST VIRGINIA
14,,Ohio,36.0,34.0,2.0,WEST VIRGINIA
15,,Preston,22.0,20.0,2.0,WEST VIRGINIA
16,,Putnam,61.0,42.0,19.0,WEST VIRGINIA
17,,Raleigh,65.0,48.0,17.0,WEST VIRGINIA
18,,Wayne,24.0,20.0,4.0,WEST VIRGINIA
19,,Wirt,3.0,3.0,0.0,WEST VIRGINIA
20,False,Barbour,10.0,9.0,1.0,WEST VIRGINIA
21,,Braxton,9.0,8.0,1.0,WEST VIRGINIA
22,,Calhoun,3.0,2.0,1.0,WEST VIRGINIA
23,,Doddridge,10.0,8.0,2.0,WEST VIRGINIA
24,,Gilmer,4.0,4.0,0.0,WEST VIRGINIA
25,,Grant,11.0,8.0,3.0,WEST VIRGINIA
26,,Greenbrier,32.0,31.0,1.0,WEST VIRGINIA
27,,Hardy,15.0,13.0,2.0,WEST VIRGINIA
28,,Harrison,53.0,51.0,2.0,WEST VIRGINIA
29,,Jackson,22.0,14.0,8.0,WEST VIRGINIA
30,,Lewis,21.0,15.0,6.0,WEST VIRGINIA
31,,Logan,22.0,20.0,2.0,WEST VIRGINIA
32,,Marion,47.0,32.0,15.0,WEST VIRGINIA
33,,Mason,33.0,19.0,14.0,WEST VIRGINIA
34,,McDowell,16.0,14.0,2.0,WEST VIRGINIA
35,,Mercer,38.0,27.0,11.0,WEST VIRGINIA
36,,Mingo,29.0,21.0,8.0,WEST VIRGINIA
37,,Monroe,8.0,8.0,0.0,WEST VIRGINIA
38,,Morgan,12.0,11.0,1.0,WEST VIRGINIA
39,,Nicholas,27.0,21.0,6.0,WEST VIRGINIA
40,,Pendleton,3.0,3.0,0.0,WEST VIRGINIA
41,,Pleasants,7.0,6.0,1.0,WEST VIRGINIA
42,,Pocahontas,13.0,8.0,5.0,WEST VIRGINIA
43,,Randolph,19.0,14.0,5.0,WEST VIRGINIA
44,,Ritchie,10.0,6.0,4.0,WEST VIRGINIA
45,,Roane,9.0,6.0,3.0,WEST VIRGINIA
46,,Summers,7.0,6.0,1.0,WEST VIRGINIA
47,,Taylor,15.0,8.0,7.0,WEST VIRGINIA
48,,Tucker,7.0,5.0,2.0,WEST VIRGINIA
49,,Tyler,11.0,10.0,1.0,WEST VIRGINIA
50,,Upshur,14.0,12.0,2.0,WEST VIRGINIA
51,,Webster,5.0,4.0,1.0,WEST VIRGINIA
52,,Wetzel,14.0,12.0,2.0,WEST VIRGINIA
53,,Wyoming,20.0,20.0,0.0,WEST VIRGINIA
0,True,Albany,172.0,113.0,59.0,NEW YORK
1,,Broome,62.0,53.0,9.0,NEW YORK
2,,Chemung,49.0,44.0,5.0,NEW YORK
3,,Dutchess,129.0,99.0,30.0,NEW YORK
4,,Erie,197.0,147.0,50.0,NEW YORK
5,,Herkimer,16.0,6.0,10.0,NEW YORK
6,,Jefferson,57.0,40.0,17.0,NEW YORK
7,,Livingston,78.0,51.0,27.0,NEW YORK
8,,Madison,44.0,34.0,10.0,NEW YORK
9,,Monroe,334.0,279.0,55.0,NEW YORK
10,,Nassau,3218.0,2450.0,768.0,NEW YORK
11,,Niagara,155.0,111.0,44.0,NEW YORK
12,,Oneida,113.0,87.0,26.0,NEW YORK
13,,Onondaga,247.0,215.0,32.0,NEW YORK
14,,Ontario,114.0,70.0,44.0,NEW YORK
15,,Orleans,39.0,26.0,13.0,NEW YORK
16,,Oswego,85.0,68.0,17.0,NEW YORK
17,,Putnam,100.0,86.0,14.0,NEW YORK
18,,Rensselaer,43.0,35.0,8.0,NEW YORK
19,,Rockland,149.0,77.0,72.0,NEW YORK
20,,Saratoga,152.0,110.0,42.0,NEW YORK
21,,Schenectady,17.0,11.0,6.0,NEW YORK
22,,Schoharie,31.0,17.0,14.0,NEW YORK
23,,Suffolk,386.0,262.0,124.0,NEW YORK
24,,Suffolk County Police Department,3040.0,2521.0,519.0,NEW YORK
25,,Tioga,55.0,35.0,20.0,NEW YORK
26,,Tompkins,46.0,40.0,6.0,NEW YORK
27,,Ulster,59.0,56.0,3.0,NEW YORK
28,,Warren,104.0,67.0,37.0,NEW YORK
29,,Wayne,69.0,63.0,6.0,NEW YORK
30,,Westchester Public Safety,354.0,283.0,71.0,NEW YORK
31,False,Allegany,45.0,26.0,19.0,NEW YORK
32,,Cattaraugus,81.0,57.0,24.0,NEW YORK
33,,Cayuga,37.0,33.0,4.0,NEW YORK
34,,Chautauqua,111.0,61.0,50.0,NEW YORK
35,,Clinton,25.0,25.0,0.0,NEW YORK
36,,Columbia,67.0,52.0,15.0,NEW YORK
37,,Cortland,41.0,36.0,5.0,NEW YORK
38,,Delaware,24.0,16.0,8.0,NEW YORK
39,,Essex,15.0,15.0,0.0,NEW YORK
40,,Franklin,18.0,8.0,10.0,NEW YORK
41,,Fulton,40.0,25.0,15.0,NEW YORK
42,,Genesee,78.0,50.0,28.0,NEW YORK
43,,Greene,32.0,28.0,4.0,NEW YORK
44,,Hamilton,6.0,5.0,1.0,NEW YORK
45,,Lewis,26.0,17.0,9.0,NEW YORK
46,,Montgomery,49.0,26.0,23.0,NEW YORK
47,,Otsego,20.0,17.0,3.0,NEW YORK
48,,Schuyler,21.0,18.0,3.0,NEW YORK
49,,Seneca,39.0,31.0,8.0,NEW YORK
50,,Steuben,50.0,39.0,11.0,NEW YORK
51,,St. Lawrence,33.0,31.0,2.0,NEW YORK
52,,Sullivan,42.0,42.0,0.0,NEW YORK
53,,Wyoming,31.0,30.0,1.0,NEW YORK
0,True,Carbon,17.0,10.0,7.0,MONTANA
1,,Cascade,143.0,35.0,108.0,MONTANA
2,,Golden Valley,2.0,2.0,0.0,MONTANA
3,,Missoula,184.0,52.0,132.0,MONTANA
4,,Yellowstone,158.0,51.0,107.0,MONTANA
5,False,Beaverhead,39.0,11.0,28.0,MONTANA
6,,Blaine,14.0,8.0,6.0,MONTANA
7,,Broadwater,28.0,10.0,18.0,MONTANA
8,,Carter,3.0,3.0,0.0,MONTANA
9,,Chouteau,22.0,9.0,13.0,MONTANA
10,,Custer,17.0,6.0,11.0,MONTANA
11,,Daniels,4.0,2.0,2.0,MONTANA
12,,Dawson,51.0,6.0,45.0,MONTANA
13,,Deer Lodge,28.0,19.0,9.0,MONTANA
14,,Fallon,9.0,4.0,5.0,MONTANA
15,,Fergus,21.0,8.0,13.0,MONTANA
16,,Flathead,114.0,56.0,58.0,MONTANA
17,,Gallatin,110.0,55.0,55.0,MONTANA
18,,Garfield,4.0,3.0,1.0,MONTANA
19,,Glacier,25.0,13.0,12.0,MONTANA
20,,Granite,6.0,6.0,0.0,MONTANA
21,,Hill,30.0,12.0,18.0,MONTANA
22,,Jefferson,24.0,12.0,12.0,MONTANA
23,,Judith Basin,5.0,4.0,1.0,MONTANA
24,,Lake,45.0,22.0,23.0,MONTANA
25,,Lewis and Clark,79.0,45.0,34.0,MONTANA
26,,Liberty,7.0,5.0,2.0,MONTANA
27,,Madison,24.0,11.0,13.0,MONTANA
28,,McCone,10.0,4.0,6.0,MONTANA
29,,Meagher,9.0,3.0,6.0,MONTANA
30,,Mineral,17.0,7.0,10.0,MONTANA
31,,Musselshell,10.0,9.0,1.0,MONTANA
32,,Park,25.0,15.0,10.0,MONTANA
33,,Phillips,11.0,7.0,4.0,MONTANA
34,,Pondera,10.0,9.0,1.0,MONTANA
35,,Powder River,4.0,4.0,0.0,MONTANA
36,,Powell,10.0,5.0,5.0,MONTANA
37,,Prairie,4.0,3.0,1.0,MONTANA
38,,Ravalli,82.0,31.0,51.0,MONTANA
39,,Richland,39.0,11.0,28.0,MONTANA
40,,Roosevelt,41.0,17.0,24.0,MONTANA
41,,Rosebud,24.0,12.0,12.0,MONTANA
42,,Sanders,19.0,12.0,7.0,MONTANA
43,,Sheridan,10.0,8.0,2.0,MONTANA
44,,Silver Bow,101.0,51.0,50.0,MONTANA
45,,Stillwater,17.0,9.0,8.0,MONTANA
46,,Sweet Grass,13.0,7.0,6.0,MONTANA
47,,Teton,12.0,9.0,3.0,MONTANA
48,,Toole,20.0,12.0,8.0,MONTANA
49,,Treasure,2.0,2.0,0.0,MONTANA
50,,Valley,23.0,7.0,16.0,MONTANA
51,,Wheatland,11.0,6.0,5.0,MONTANA
0,True,Allen,299.0,127.0,172.0,INDIANA
1,,Brown,40.0,14.0,26.0,INDIANA
2,,Clark,151.0,41.0,110.0,INDIANA
3,,Floyd,112.0,32.0,80.0,INDIANA
4,,Hancock,73.0,39.0,34.0,INDIANA
5,,Howard,133.0,34.0,99.0,INDIANA
6,,Newton,38.0,16.0,22.0,INDIANA
7,,Shelby,93.0,32.0,61.0,INDIANA
8,,Vigo,42.0,39.0,3.0,INDIANA
9,,Warrick,78.0,39.0,39.0,INDIANA
10,,Wells,16.0,16.0,0.0,INDIANA
11,False,Blackford,30.0,9.0,21.0,INDIANA
12,,Fulton,27.0,12.0,15.0,INDIANA
13,,Gibson,41.0,16.0,25.0,INDIANA
14,,Greene,45.0,18.0,27.0,INDIANA
15,,Jay,41.0,13.0,28.0,INDIANA
16,,Steuben,54.0,21.0,33.0,INDIANA
17,,Tipton,33.0,13.0,20.0,INDIANA
18,,Wabash,42.0,16.0,26.0,INDIANA
0,True,Laramie,155.0,50.0,105.0,WYOMING
1,,Natrona,163.0,60.0,103.0,WYOMING
2,False,Albany,43.0,40.0,3.0,WYOMING
3,,Big Horn,27.0,12.0,15.0,WYOMING
4,,Campbell,66.0,43.0,23.0,WYOMING
5,,Carbon,33.0,17.0,16.0,WYOMING
6,,Crook,21.0,15.0,6.0,WYOMING
7,,Fremont,36.0,33.0,3.0,WYOMING
8,,Hot Springs,12.0,10.0,2.0,WYOMING
9,,Johnson,31.0,29.0,2.0,WYOMING
10,,Lincoln,42.0,26.0,16.0,WYOMING
11,,Park,50.0,18.0,32.0,WYOMING
12,,Platte,13.0,10.0,3.0,WYOMING
13,,Sheridan,57.0,38.0,19.0,WYOMING
14,,Sublette,32.0,28.0,4.0,WYOMING
15,,Sweetwater,99.0,43.0,56.0,WYOMING
16,,Uinta,48.0,35.0,13.0,WYOMING
17,,Washakie,16.0,14.0,2.0,WYOMING
18,,Weston,8.0,8.0,0.0,WYOMING
0,True,Carson City,93.0,93.0,0.0,NEVADA
1,,Storey,27.0,25.0,2.0,NEVADA
2,,Washoe,691.0,407.0,284.0,NEVADA
3,False,Churchill,45.0,39.0,6.0,NEVADA
4,,Douglas,98.0,98.0,0.0,NEVADA
5,,Elko,79.0,66.0,13.0,NEVADA
6,,Esmeralda,17.0,12.0,5.0,NEVADA
7,,Eureka,14.0,8.0,6.0,NEVADA
8,,Humboldt,56.0,35.0,21.0,NEVADA
9,,Lander,21.0,21.0,0.0,NEVADA
10,,Lincoln,30.0,23.0,7.0,NEVADA
11,,Mineral,23.0,17.0,6.0,NEVADA
12,,Nye,123.0,95.0,28.0,NEVADA
13,,Pershing,16.0,13.0,3.0,NEVADA
14,,White Pine,31.0,25.0,6.0,NEVADA
0,True,Rockingham,51.0,26.0,25.0,NEW HAMPSHIRE
1,,Strafford,29.0,15.0,14.0,NEW HAMPSHIRE
2,False,Carroll,22.0,12.0,10.0,NEW HAMPSHIRE
3,,Cheshire,22.0,9.0,13.0,NEW HAMPSHIRE
4,,Grafton,23.0,9.0,14.0,NEW HAMPSHIRE
5,,Merrimack,34.0,20.0,14.0,NEW HAMPSHIRE
0,True,Adams,14.0,11.0,3.0,PENNSYLVANIA
1,,Allegheny,186.0,153.0,33.0,PENNSYLVANIA
2,,Allegheny County Police Department,273.0,215.0,58.0,PENNSYLVANIA
3,,Beaver,27.0,24.0,3.0,PENNSYLVANIA
4,,Berks,108.0,97.0,11.0,PENNSYLVANIA
5,,Blair,29.0,25.0,4.0,PENNSYLVANIA
6,,Butler,30.0,27.0,3.0,PENNSYLVANIA
7,,Cumberland,34.0,28.0,6.0,PENNSYLVANIA
8,,Erie,45.0,38.0,7.0,PENNSYLVANIA
9,,Franklin,23.0,18.0,5.0,PENNSYLVANIA
10,,Lancaster,54.0,48.0,6.0,PENNSYLVANIA
11,,Lycoming,23.0,17.0,6.0,PENNSYLVANIA
12,,Mercer,19.0,15.0,4.0,PENNSYLVANIA
13,,Monroe,43.0,26.0,17.0,PENNSYLVANIA
14,,Montgomery,130.0,104.0,26.0,PENNSYLVANIA
15,,Northampton,66.0,60.0,6.0,PENNSYLVANIA
16,,Pike,23.0,19.0,4.0,PENNSYLVANIA
17,,Washington,32.0,29.0,3.0,PENNSYLVANIA
18,,Westmoreland,61.0,53.0,8.0,PENNSYLVANIA
19,,Wyoming,5.0,3.0,2.0,PENNSYLVANIA
20,,York,104.0,104.0,0.0,PENNSYLVANIA
21,False,Bedford,11.0,10.0,1.0,PENNSYLVANIA
22,,Bradford,11.0,9.0,2.0,PENNSYLVANIA
23,,Clarion,11.0,8.0,3.0,PENNSYLVANIA
24,,Elk,6.0,5.0,1.0,PENNSYLVANIA
25,,Greene,10.0,8.0,2.0,PENNSYLVANIA
26,,Indiana,19.0,16.0,3.0,PENNSYLVANIA
27,,Jefferson,9.0,8.0,1.0,PENNSYLVANIA
28,,Lawrence,23.0,18.0,5.0,PENNSYLVANIA
29,,Schuylkill,19.0,15.0,4.0,PENNSYLVANIA
30,,Snyder,7.0,7.0,0.0,PENNSYLVANIA
31,,Tioga,8.0,6.0,2.0,PENNSYLVANIA
32,,Union,9.0,8.0,1.0,PENNSYLVANIA
33,,Warren,12.0,10.0,2.0,PENNSYLVANIA
34,,Wayne,16.0,13.0,3.0,PENNSYLVANIA
0,True,Chittenden,17.0,15.0,2.0,VERMONT
1,,Franklin,9.0,9.0,0.0,VERMONT
2,,Grand Isle,1.0,1.0,0.0,VERMONT
3,False,Addison,6.0,6.0,0.0,VERMONT
4,,Bennington,15.0,12.0,3.0,VERMONT
5,,Caledonia,12.0,9.0,3.0,VERMONT
6,,Essex,2.0,2.0,0.0,VERMONT
7,,Lamoille,24.0,11.0,13.0,VERMONT
8,,Orange,16.0,10.0,6.0,VERMONT
9,,Orleans,9.0,7.0,2.0,VERMONT
10,,Rutland,16.0,12.0,4.0,VERMONT
11,,Washington,13.0,11.0,2.0,VERMONT
12,,Windham,18.0,13.0,5.0,VERMONT
13,,Windsor,14.0,13.0,1.0,VERMONT
0,True,Aiken,246.0,136.0,110.0,SOUTH CAROLINA
1,,Anderson,390.0,220.0,170.0,SOUTH CAROLINA
2,,Beaufort,317.0,219.0,98.0,SOUTH CAROLINA
3,,Berkeley,268.0,150.0,118.0,SOUTH CAROLINA
4,,Calhoun,32.0,30.0,2.0,SOUTH CAROLINA
5,,Charleston,722.0,267.0,455.0,SOUTH CAROLINA
6,,Chester,119.0,49.0,70.0,SOUTH CAROLINA
7,,Darlington,132.0,61.0,71.0,SOUTH CAROLINA
8,,Dorchester,271.0,140.0,131.0,SOUTH CAROLINA
9,,Edgefield,64.0,37.0,27.0,SOUTH CAROLINA
10,,Fairfield,51.0,46.0,5.0,SOUTH CAROLINA
11,,Florence,229.0,190.0,39.0,SOUTH CAROLINA
12,,Greenville,536.0,439.0,97.0,SOUTH CAROLINA
13,,Horry,365.0,71.0,294.0,SOUTH CAROLINA
14,,Horry County Police Department,284.0,242.0,42.0,SOUTH CAROLINA
15,,Jasper,36.0,31.0,5.0,SOUTH CAROLINA
16,,Kershaw,72.0,59.0,13.0,SOUTH CAROLINA
17,,Lancaster,164.0,112.0,52.0,SOUTH CAROLINA
18,,Laurens,70.0,63.0,7.0,SOUTH CAROLINA
19,,Lexington,437.0,281.0,156.0,SOUTH CAROLINA
20,,Pickens,135.0,114.0,21.0,SOUTH CAROLINA
21,,Richland,597.0,493.0,104.0,SOUTH CAROLINA
22,,Saluda,62.0,21.0,41.0,SOUTH CAROLINA
23,,Spartanburg,343.0,314.0,29.0,SOUTH CAROLINA
24,,Sumter,135.0,109.0,26.0,SOUTH CAROLINA
25,,Union,33.0,30.0,3.0,SOUTH CAROLINA
26,,York,315.0,158.0,157.0,SOUTH CAROLINA
27,False,Abbeville,61.0,29.0,32.0,SOUTH CAROLINA
28,,Allendale,14.0,12.0,2.0,SOUTH CAROLINA
29,,Bamberg,13.0,13.0,0.0,SOUTH CAROLINA
30,,Barnwell,64.0,28.0,36.0,SOUTH CAROLINA
31,,Cherokee,92.0,55.0,37.0,SOUTH CAROLINA
32,,Chesterfield,55.0,44.0,11.0,SOUTH CAROLINA
33,,Clarendon,59.0,52.0,7.0,SOUTH CAROLINA
34,,Colleton,109.0,47.0,62.0,SOUTH CAROLINA
35,,Dillon,47.0,36.0,11.0,SOUTH CAROLINA
36,,Georgetown,164.0,76.0,88.0,SOUTH CAROLINA
37,,Greenwood,155.0,79.0,76.0,SOUTH CAROLINA
38,,Hampton,40.0,33.0,7.0,SOUTH CAROLINA
39,,Marion,59.0,32.0,27.0,SOUTH CAROLINA
40,,Marlboro,25.0,21.0,4.0,SOUTH CAROLINA
41,,McCormick,34.0,16.0,18.0,SOUTH CAROLINA
42,,Newberry,102.0,51.0,51.0,SOUTH CAROLINA
43,,Oconee,163.0,91.0,72.0,SOUTH CAROLINA
44,,Orangeburg,121.0,85.0,36.0,SOUTH CAROLINA
45,,Williamsburg,71.0,29.0,42.0,SOUTH CAROLINA
0,True,Brown,320.0,158.0,162.0,WISCONSIN
1,,Calumet,53.0,25.0,28.0,WISCONSIN
2,,Chippewa,70.0,51.0,19.0,WISCONSIN
3,,Columbia,109.0,41.0,68.0,WISCONSIN
4,,Dane,533.0,435.0,98.0,WISCONSIN
5,,Douglas,77.0,29.0,48.0,WISCONSIN
6,,Eau Claire,109.0,41.0,68.0,WISCONSIN
7,,Fond du Lac,122.0,58.0,64.0,WISCONSIN
8,,Green,44.0,32.0,12.0,WISCONSIN
9,,Iowa,37.0,20.0,17.0,WISCONSIN
10,,Kenosha,330.0,119.0,211.0,WISCONSIN
11,,Kewaunee,34.0,32.0,2.0,WISCONSIN
12,,La Crosse,112.0,42.0,70.0,WISCONSIN
13,,Marathon,180.0,68.0,112.0,WISCONSIN
14,,Milwaukee,615.0,298.0,317.0,WISCONSIN
15,,Oconto,58.0,26.0,32.0,WISCONSIN
16,,Outagamie,179.0,73.0,106.0,WISCONSIN
17,,Ozaukee,99.0,78.0,21.0,WISCONSIN
18,,Pierce,56.0,48.0,8.0,WISCONSIN
19,,Racine,214.0,136.0,78.0,WISCONSIN
20,,Rock,208.0,99.0,109.0,WISCONSIN
21,,Sheboygan,181.0,71.0,110.0,WISCONSIN
22,,St. Croix,88.0,80.0,8.0,WISCONSIN
23,,Washington,167.0,70.0,97.0,WISCONSIN
24,,Waukesha,356.0,158.0,198.0,WISCONSIN
25,,Winnebago,186.0,128.0,58.0,WISCONSIN
26,False,Adams,58.0,28.0,30.0,WISCONSIN
27,,Ashland,42.0,33.0,9.0,WISCONSIN
28,,Barron,68.0,31.0,37.0,WISCONSIN
29,,Bayfield,43.0,20.0,23.0,WISCONSIN
30,,Buffalo,25.0,11.0,14.0,WISCONSIN
31,,Burnett,33.0,17.0,16.0,WISCONSIN
32,,Clark,47.0,25.0,22.0,WISCONSIN
33,,Crawford,29.0,23.0,6.0,WISCONSIN
34,,Dodge,169.0,69.0,100.0,WISCONSIN
35,,Door,65.0,52.0,13.0,WISCONSIN
36,,Dunn,55.0,27.0,28.0,WISCONSIN
37,,Florence,20.0,12.0,8.0,WISCONSIN
38,,Forest,37.0,17.0,20.0,WISCONSIN
39,,Grant,50.0,28.0,22.0,WISCONSIN
40,,Green Lake,41.0,16.0,25.0,WISCONSIN
41,,Iron,20.0,20.0,0.0,WISCONSIN
42,,Jackson,49.0,23.0,26.0,WISCONSIN
43,,Jefferson,115.0,93.0,22.0,WISCONSIN
44,,Juneau,53.0,41.0,12.0,WISCONSIN
45,,Lafayette,32.0,31.0,1.0,WISCONSIN
46,,Langlade,40.0,19.0,21.0,WISCONSIN
47,,Lincoln,65.0,30.0,35.0,WISCONSIN
48,,Manitowoc,94.0,63.0,31.0,WISCONSIN
49,,Marinette,63.0,32.0,31.0,WISCONSIN
50,,Marquette,42.0,42.0,0.0,WISCONSIN
51,,Menominee,10.0,9.0,1.0,WISCONSIN
52,,Monroe,52.0,23.0,29.0,WISCONSIN
53,,Oneida,86.0,37.0,49.0,WISCONSIN
54,,Pepin,18.0,7.0,11.0,WISCONSIN
55,,Polk,70.0,28.0,42.0,WISCONSIN
56,,Portage,101.0,48.0,53.0,WISCONSIN
57,,Price,30.0,20.0,10.0,WISCONSIN
58,,Richland,32.0,32.0,0.0,WISCONSIN
59,,Rusk,30.0,27.0,3.0,WISCONSIN
60,,Sauk,143.0,47.0,96.0,WISCONSIN
61,,Sawyer,48.0,26.0,22.0,WISCONSIN
62,,Shawano,111.0,39.0,72.0,WISCONSIN
63,,Taylor,39.0,18.0,21.0,WISCONSIN
64,,Trempealeau,55.0,25.0,30.0,WISCONSIN
65,,Vernon,44.0,24.0,20.0,WISCONSIN
66,,Vilas,70.0,35.0,35.0,WISCONSIN
67,,Walworth,201.0,80.0,121.0,WISCONSIN
68,,Washburn,22.0,14.0,8.0,WISCONSIN
69,,Waupaca,101.0,40.0,61.0,WISCONSIN
70,,Waushara,54.0,24.0,30.0,WISCONSIN
71,,Wood,70.0,40.0,30.0,WISCONSIN
0,True,Anderson,169.0,60.0,109.0,TENNESSEE
1,,Blount,281.0,152.0,129.0,TENNESSEE
2,,Bradley,219.0,115.0,104.0,TENNESSEE
3,,Campbell,92.0,47.0,45.0,TENNESSEE
4,,Cannon,36.0,18.0,18.0,TENNESSEE
5,,Carter,127.0,124.0,3.0,TENNESSEE
6,,Cheatham,79.0,39.0,40.0,TENNESSEE
7,,Chester,46.0,15.0,31.0,TENNESSEE
8,,Crockett,36.0,17.0,19.0,TENNESSEE
9,,Dickson,133.0,65.0,68.0,TENNESSEE
10,,Fayette,87.0,44.0,43.0,TENNESSEE
11,,Grainger,45.0,22.0,23.0,TENNESSEE
12,,Hamblen,106.0,41.0,65.0,TENNESSEE
13,,Hamilton,403.0,164.0,239.0,TENNESSEE
14,,Hartsville/Trousdale,41.0,20.0,21.0,TENNESSEE
15,,Hawkins,119.0,59.0,60.0,TENNESSEE
16,,Hickman,47.0,24.0,23.0,TENNESSEE
17,,Jefferson,104.0,53.0,51.0,TENNESSEE
18,,Knox,954.0,433.0,521.0,TENNESSEE
19,,Loudon,78.0,47.0,31.0,TENNESSEE
20,,Macon,54.0,27.0,27.0,TENNESSEE
21,,Madison,262.0,110.0,152.0,TENNESSEE
22,,Marion,56.0,28.0,28.0,TENNESSEE
23,,Maury,158.0,83.0,75.0,TENNESSEE
24,,Montgomery,350.0,105.0,245.0,TENNESSEE
25,,Morgan,44.0,21.0,23.0,TENNESSEE
26,,Polk,49.0,22.0,27.0,TENNESSEE
27,,Roane,76.0,43.0,33.0,TENNESSEE
28,,Robertson,152.0,51.0,101.0,TENNESSEE
29,,Rutherford,426.0,228.0,198.0,TENNESSEE
30,,Sequatchie,44.0,23.0,21.0,TENNESSEE
31,,Shelby,1809.0,613.0,1196.0,TENNESSEE
32,,Smith,58.0,26.0,32.0,TENNESSEE
33,,Sullivan,274.0,123.0,151.0,TENNESSEE
34,,Sumner,285.0,96.0,189.0,TENNESSEE
35,,Tipton,99.0,60.0,39.0,TENNESSEE
36,,Unicoi,40.0,24.0,16.0,TENNESSEE
37,,Union,51.0,31.0,20.0,TENNESSEE
38,,Washington,220.0,97.0,123.0,TENNESSEE
39,,Williamson,249.0,160.0,89.0,TENNESSEE
40,,Wilson,250.0,114.0,136.0,TENNESSEE
41,False,Bedford,90.0,40.0,50.0,TENNESSEE
42,,Benton,60.0,20.0,40.0,TENNESSEE
43,,Bledsoe,40.0,15.0,25.0,TENNESSEE
44,,Carroll,65.0,24.0,41.0,TENNESSEE
45,,Claiborne,110.0,38.0,72.0,TENNESSEE
46,,Clay,26.0,15.0,11.0,TENNESSEE
47,,Cocke,71.0,38.0,33.0,TENNESSEE
48,,Coffee,130.0,47.0,83.0,TENNESSEE
49,,Cumberland,109.0,52.0,57.0,TENNESSEE
50,,Decatur,28.0,13.0,15.0,TENNESSEE
51,,DeKalb,48.0,26.0,22.0,TENNESSEE
52,,Dyer,88.0,36.0,52.0,TENNESSEE
53,,Fentress,45.0,18.0,27.0,TENNESSEE
54,,Franklin,71.0,43.0,28.0,TENNESSEE
55,,Gibson,84.0,37.0,47.0,TENNESSEE
56,,Giles,66.0,32.0,34.0,TENNESSEE
57,,Greene,155.0,59.0,96.0,TENNESSEE
58,,Grundy,38.0,16.0,22.0,TENNESSEE
59,,Hancock,34.0,12.0,22.0,TENNESSEE
60,,Hardeman,68.0,28.0,40.0,TENNESSEE
61,,Hardin,50.0,22.0,28.0,TENNESSEE
62,,Haywood,43.0,19.0,24.0,TENNESSEE
63,,Henderson,71.0,32.0,39.0,TENNESSEE
64,,Henry,67.0,34.0,33.0,TENNESSEE
65,,Houston,25.0,11.0,14.0,TENNESSEE
66,,Humphreys,40.0,23.0,17.0,TENNESSEE
67,,Jackson,37.0,14.0,23.0,TENNESSEE
68,,Johnson,42.0,19.0,23.0,TENNESSEE
69,,Lake,22.0,9.0,13.0,TENNESSEE
70,,Lauderdale,66.0,19.0,47.0,TENNESSEE
71,,Lawrence,100.0,55.0,45.0,TENNESSEE
72,,Lewis,16.0,15.0,1.0,TENNESSEE
73,,Lincoln,82.0,32.0,50.0,TENNESSEE
74,,Marshall,51.0,26.0,25.0,TENNESSEE
75,,McMinn,74.0,32.0,42.0,TENNESSEE
76,,McNairy,37.0,17.0,20.0,TENNESSEE
77,,Meigs,37.0,18.0,19.0,TENNESSEE
78,,Monroe,55.0,49.0,6.0,TENNESSEE
79,,Moore,34.0,14.0,20.0,TENNESSEE
80,,Obion,55.0,23.0,32.0,TENNESSEE
81,,Overton,57.0,24.0,33.0,TENNESSEE
82,,Perry,30.0,14.0,16.0,TENNESSEE
83,,Pickett,12.0,8.0,4.0,TENNESSEE
84,,Putnam,146.0,69.0,77.0,TENNESSEE
85,,Rhea,55.0,54.0,1.0,TENNESSEE
86,,Scott,66.0,29.0,37.0,TENNESSEE
87,,Sevier,214.0,106.0,108.0,TENNESSEE
88,,Stewart,51.0,20.0,31.0,TENNESSEE
89,,Van Buren,19.0,9.0,10.0,TENNESSEE
90,,Warren,96.0,49.0,47.0,TENNESSEE
91,,Wayne,49.0,14.0,35.0,TENNESSEE
92,,Weakley,44.0,21.0,23.0,TENNESSEE
93,,White,64.0,29.0,35.0,TENNESSEE
0,True,Canadian,104.0,61.0,43.0,OKLAHOMA
1,,Cleveland,160.0,58.0,102.0,OKLAHOMA
2,,Comanche,41.0,31.0,10.0,OKLAHOMA
3,,Cotton,12.0,6.0,6.0,OKLAHOMA
4,,Creek,98.0,37.0,61.0,OKLAHOMA
5,,Garfield,69.0,26.0,43.0,OKLAHOMA
6,,Grady,29.0,19.0,10.0,OKLAHOMA
7,,Le Flore,20.0,14.0,6.0,OKLAHOMA
8,,Lincoln,32.0,15.0,17.0,OKLAHOMA
9,,Logan,61.0,30.0,31.0,OKLAHOMA
10,,McClain,34.0,21.0,13.0,OKLAHOMA
11,,Oklahoma,642.0,463.0,179.0,OKLAHOMA
12,,Okmulgee,17.0,16.0,1.0,OKLAHOMA
13,,Osage,73.0,40.0,33.0,OKLAHOMA
14,,Pawnee,26.0,9.0,17.0,OKLAHOMA
15,,Rogers,80.0,53.0,27.0,OKLAHOMA
16,,Sequoyah,53.0,23.0,30.0,OKLAHOMA
17,,Tulsa,631.0,223.0,408.0,OKLAHOMA
18,,Wagoner,70.0,32.0,38.0,OKLAHOMA
19,False,Adair,9.0,9.0,0.0,OKLAHOMA
20,,Alfalfa,9.0,6.0,3.0,OKLAHOMA
21,,Atoka,23.0,8.0,15.0,OKLAHOMA
22,,Beaver,15.0,7.0,8.0,OKLAHOMA
23,,Beckham,40.0,14.0,26.0,OKLAHOMA
24,,Blaine,14.0,6.0,8.0,OKLAHOMA
25,,Bryan,17.0,15.0,2.0,OKLAHOMA
26,,Caddo,34.0,15.0,19.0,OKLAHOMA
27,,Carter,56.0,18.0,38.0,OKLAHOMA
28,,Cherokee,28.0,22.0,6.0,OKLAHOMA
29,,Choctaw,20.0,8.0,12.0,OKLAHOMA
30,,Cimarron,7.0,3.0,4.0,OKLAHOMA
31,,Coal,9.0,6.0,3.0,OKLAHOMA
32,,Craig,28.0,12.0,16.0,OKLAHOMA
33,,Custer,37.0,14.0,23.0,OKLAHOMA
34,,Delaware,43.0,17.0,26.0,OKLAHOMA
35,,Dewey,16.0,6.0,10.0,OKLAHOMA
36,,Ellis,18.0,8.0,10.0,OKLAHOMA
37,,Garvin,36.0,19.0,17.0,OKLAHOMA
38,,Grant,10.0,6.0,4.0,OKLAHOMA
39,,Greer,6.0,2.0,4.0,OKLAHOMA
40,,Harmon,4.0,3.0,1.0,OKLAHOMA
41,,Harper,8.0,5.0,3.0,OKLAHOMA
42,,Haskell,18.0,7.0,11.0,OKLAHOMA
43,,Hughes,7.0,6.0,1.0,OKLAHOMA
44,,Jackson,35.0,12.0,23.0,OKLAHOMA
45,,Jefferson,17.0,6.0,11.0,OKLAHOMA
46,,Johnston,24.0,7.0,17.0,OKLAHOMA
47,,Kay,24.0,16.0,8.0,OKLAHOMA
48,,Kingfisher,18.0,8.0,10.0,OKLAHOMA
49,,Kiowa,16.0,7.0,9.0,OKLAHOMA
50,,Latimer,13.0,6.0,7.0,OKLAHOMA
51,,Love,24.0,9.0,15.0,OKLAHOMA
52,,Major,13.0,5.0,8.0,OKLAHOMA
53,,Marshall,26.0,6.0,20.0,OKLAHOMA
54,,Mayes,54.0,28.0,26.0,OKLAHOMA
55,,McCurtain,21.0,16.0,5.0,OKLAHOMA
56,,McIntosh,43.0,15.0,28.0,OKLAHOMA
57,,Murray,13.0,6.0,7.0,OKLAHOMA
58,,Muskogee,99.0,34.0,65.0,OKLAHOMA
59,,Noble,24.0,9.0,15.0,OKLAHOMA
60,,Nowata,16.0,7.0,9.0,OKLAHOMA
61,,Okfuskee,16.0,6.0,10.0,OKLAHOMA
62,,Ottawa,36.0,15.0,21.0,OKLAHOMA
63,,Payne,91.0,36.0,55.0,OKLAHOMA
64,,Pittsburg,26.0,14.0,12.0,OKLAHOMA
65,,Pontotoc,41.0,18.0,23.0,OKLAHOMA
66,,Pottawatomie,29.0,25.0,4.0,OKLAHOMA
67,,Pushmataha,4.0,3.0,1.0,OKLAHOMA
68,,Roger Mills,13.0,8.0,5.0,OKLAHOMA
69,,Seminole,38.0,18.0,20.0,OKLAHOMA
70,,Stephens,36.0,21.0,15.0,OKLAHOMA
71,,Texas,35.0,12.0,23.0,OKLAHOMA
72,,Tillman,24.0,4.0,20.0,OKLAHOMA
73,,Washita,31.0,9.0,22.0,OKLAHOMA
74,,Woods,8.0,7.0,1.0,OKLAHOMA
75,,Woodward,37.0,12.0,25.0,OKLAHOMA
0,True,Butler,98.0,65.0,33.0,KANSAS
1,,Douglas,148.0,76.0,72.0,KANSAS
2,,Harvey,21.0,19.0,2.0,KANSAS
3,,Jackson,30.0,22.0,8.0,KANSAS
4,,Jefferson,37.0,23.0,14.0,KANSAS
5,,Johnson,598.0,448.0,150.0,KANSAS
6,,Kingman,21.0,8.0,13.0,KANSAS
7,,Leavenworth,85.0,64.0,21.0,KANSAS
8,,Linn,29.0,19.0,10.0,KANSAS
9,,Miami,48.0,26.0,22.0,KANSAS
10,,Osage,44.0,21.0,23.0,KANSAS
11,,Pottawatomie,41.0,29.0,12.0,KANSAS
12,,Riley County Police Department,193.0,107.0,86.0,KANSAS
13,,Wabaunsee,23.0,8.0,15.0,KANSAS
14,False,Allen,28.0,11.0,17.0,KANSAS
15,,Anderson,9.0,9.0,0.0,KANSAS
16,,Atchison,23.0,13.0,10.0,KANSAS
17,,Barber,10.0,4.0,6.0,KANSAS
18,,Barton,41.0,18.0,23.0,KANSAS
19,,Bourbon,11.0,10.0,1.0,KANSAS
20,,Brown,22.0,8.0,14.0,KANSAS
21,,Chase,9.0,5.0,4.0,KANSAS
22,,Cherokee,47.0,18.0,29.0,KANSAS
23,,Cheyenne,4.0,4.0,0.0,KANSAS
24,,Clark,10.0,5.0,5.0,KANSAS
25,,Clay,18.0,7.0,11.0,KANSAS
26,,Cloud,10.0,9.0,1.0,KANSAS
27,,Coffey,19.0,13.0,6.0,KANSAS
28,,Cowley,44.0,22.0,22.0,KANSAS
29,,Crawford,67.0,28.0,39.0,KANSAS
30,,Decatur,3.0,3.0,0.0,KANSAS
31,,Dickinson,31.0,18.0,13.0,KANSAS
32,,Edwards,10.0,6.0,4.0,KANSAS
33,,Elk,10.0,5.0,5.0,KANSAS
34,,Ellis,19.0,19.0,0.0,KANSAS
35,,Ellsworth,18.0,8.0,10.0,KANSAS
36,,Ford,38.0,23.0,15.0,KANSAS
37,,Franklin,33.0,29.0,4.0,KANSAS
38,,Geary,87.0,34.0,53.0,KANSAS
39,,Gove,5.0,4.0,1.0,KANSAS
40,,Grant,8.0,3.0,5.0,KANSAS
41,,Gray,18.0,12.0,6.0,KANSAS
42,,Greeley,7.0,3.0,4.0,KANSAS
43,,Hodgeman,8.0,4.0,4.0,KANSAS
44,,Jewell,10.0,6.0,4.0,KANSAS
45,,Kearny,20.0,11.0,9.0,KANSAS
46,,Kiowa,19.0,7.0,12.0,KANSAS
47,,Labette,31.0,18.0,13.0,KANSAS
48,,Lane,9.0,4.0,5.0,KANSAS
49,,Lincoln,13.0,8.0,5.0,KANSAS
50,,Logan,4.0,4.0,0.0,KANSAS
51,,Marion,9.0,8.0,1.0,KANSAS
52,,Marshall,20.0,9.0,11.0,KANSAS
53,,McPherson,22.0,19.0,3.0,KANSAS
54,,Meade,18.0,7.0,11.0,KANSAS
55,,Mitchell,21.0,8.0,13.0,KANSAS
56,,Montgomery,41.0,29.0,12.0,KANSAS
57,,Morris,12.0,7.0,5.0,KANSAS
58,,Morton,11.0,6.0,5.0,KANSAS
59,,Nemaha,21.0,9.0,12.0,KANSAS
60,,Ness,13.0,7.0,6.0,KANSAS
61,,Norton,10.0,5.0,5.0,KANSAS
62,,Osborne,14.0,7.0,7.0,KANSAS
63,,Ottawa,19.0,5.0,14.0,KANSAS
64,,Pawnee,13.0,12.0,1.0,KANSAS
65,,Phillips,13.0,8.0,5.0,KANSAS
66,,Pratt,15.0,9.0,6.0,KANSAS
67,,Rawlins,7.0,2.0,5.0,KANSAS
68,,Republic,11.0,10.0,1.0,KANSAS
69,,Rice,9.0,7.0,2.0,KANSAS
70,,Rush,12.0,7.0,5.0,KANSAS
71,,Russell,11.0,10.0,1.0,KANSAS
72,,Saline,99.0,37.0,62.0,KANSAS
73,,Scott,4.0,4.0,0.0,KANSAS
74,,Seward,39.0,14.0,25.0,KANSAS
75,,Sheridan,3.0,3.0,0.0,KANSAS
76,,Sherman,6.0,4.0,2.0,KANSAS
77,,Smith,5.0,5.0,0.0,KANSAS
78,,Stafford,9.0,4.0,5.0,KANSAS
79,,Stevens,19.0,8.0,11.0,KANSAS
80,,Thomas,7.0,6.0,1.0,KANSAS
81,,Trego,6.0,4.0,2.0,KANSAS
82,,Wallace,8.0,4.0,4.0,KANSAS
83,,Washington,7.0,7.0,0.0,KANSAS
84,,Wichita,9.0,4.0,5.0,KANSAS
85,,Wilson,14.0,10.0,4.0,KANSAS
86,,Woodson,13.0,8.0,5.0,KANSAS
0,True,Hancock,122.0,68.0,54.0,MISSISSIPPI
1,,Harrison,326.0,109.0,217.0,MISSISSIPPI
2,,Hinds,383.0,116.0,267.0,MISSISSIPPI
3,,Lamar,77.0,39.0,38.0,MISSISSIPPI
4,,Marshall,48.0,27.0,21.0,MISSISSIPPI
5,False,Adams,73.0,39.0,34.0,MISSISSIPPI
6,,Choctaw,14.0,8.0,6.0,MISSISSIPPI
7,,Claiborne,28.0,12.0,16.0,MISSISSIPPI
8,,Grenada,14.0,12.0,2.0,MISSISSIPPI
9,,Jones,51.0,46.0,5.0,MISSISSIPPI
10,,Kemper,17.0,11.0,6.0,MISSISSIPPI
11,,Lauderdale,123.0,48.0,75.0,MISSISSIPPI
12,,Marion,22.0,18.0,4.0,MISSISSIPPI
13,,Scott,66.0,25.0,41.0,MISSISSIPPI
14,,Stone,22.0,18.0,4.0,MISSISSIPPI
15,,Sunflower,44.0,38.0,6.0,MISSISSIPPI
16,,Warren,42.0,39.0,3.0,MISSISSIPPI
17,,Washington,47.0,34.0,13.0,MISSISSIPPI
